condition,model_source,n_choices,mean_probability_correct,mean_log_score_nats,log_loss_nats,hard_accuracy
consequential_tokens,stated_bt_transfer,3505,0.6027373167200835,-1.371539776201565,1.371539776201565,0.6208273894436519
consequential_tokens,consequential_bt_in_sample,3505,0.6901776171002635,-0.4674908405974148,0.4674908405974148,0.7560627674750356
consequential_tokens,consequential_bt_10fold_cv,3505,0.6774643724063055,-0.5002792389185601,0.5002792389185601,0.730527817403709
consequential_tokens,position_only_in_sample,3505,0.6048441089863471,-0.5842918609224855,0.5842918609224855,0.7289586305278174
consequential_tokens,position_only_10fold_cv,3505,0.6048139737370953,-0.5843716307136883,0.5843716307136883,0.7289586305278174
consequential_tokens,chance_p_0.5,3505,0.5,-0.6931471805599454,0.6931471805599454,0.5
consequential_time,stated_bt_transfer,3505,0.5944535619773662,-1.3866985524703164,1.3866985524703164,0.6039942938659059
consequential_time,consequential_bt_in_sample,3505,0.6550699614114914,-0.5146266575427251,0.5146266575427251,0.7315263908701855
consequential_time,consequential_bt_10fold_cv,3505,0.6408051881194561,-0.5505154575414294,0.5505154575414294,0.6927246790299572
consequential_time,position_only_in_sample,3505,0.6314286702713263,-0.5552529953695049,0.5552529953695049,0.7563480741797433
consequential_time,position_only_10fold_cv,3505,0.6313689019487979,-0.5554247568313724,0.5554247568313724,0.7563480741797433
consequential_time,chance_p_0.5,3505,0.5,-0.6931471805599454,0.6931471805599454,0.5
