training_condition,test_condition,relationship,n_test_choices,mean_probability_correct,hard_accuracy,mean_log_score_bits,log_score_bits_above_chance
stated,stated,within_condition_baseline,3510,0.8852725150860118,0.9103988603988604,-0.2684735000596931,0.7315264999403068
consequential_tokens,stated,cross_condition_transfer,3510,0.6617971102005562,0.6750712250712251,-1.4716634008783622,-0.4716634008783622
consequential_time,stated,cross_condition_transfer,3510,0.5837536989519025,0.5857549857549857,-2.0200743340999394,-1.0200743340999394
stated,consequential_tokens,cross_condition_transfer,3509,0.663231327801072,0.6624394414363066,-2.0837890280250875,-1.0837890280250875
consequential_tokens,consequential_tokens,within_condition_baseline,3509,0.8451415901809429,0.8867198632088914,-0.3637621448660138,0.6362378551339862
consequential_time,consequential_tokens,cross_condition_transfer,3509,0.8083090086854589,0.8486748361356512,-0.5296800494876139,0.47031995051238606
stated,consequential_time,cross_condition_transfer,3510,0.5912627077658039,0.587037037037037,-3.154515195159486,-2.154515195159486
consequential_tokens,consequential_time,cross_condition_transfer,3510,0.807704412227032,0.8414529914529915,-0.5846748550193941,0.4153251449806059
consequential_time,consequential_time,within_condition_baseline,3510,0.8404716809181927,0.8934472934472935,-0.3799946054945906,0.6200053945054094
