condition,canonical_task_a_id,canonical_task_b_id,n_choices,order_0_n,order_1_n,canonical_a_wins,laplace_p_choose_canonical_a,laplace_preference_strength,displayed_a_wins,laplace_p_choose_displayed_a
consequential_time,133,135,10,5,5,5,0.5,0.5,4,0.4166666666666667
consequential_time,133,136,10,5,5,0,0.08333333333333333,0.9166666666666666,5,0.5
consequential_time,133,137,10,5,5,0,0.08333333333333333,0.9166666666666666,5,0.5
consequential_time,133,138,10,5,5,10,0.9166666666666666,0.9166666666666666,5,0.5
consequential_time,133,139,10,5,5,10,0.9166666666666666,0.9166666666666666,5,0.5
consequential_time,133,140,10,5,5,4,0.4166666666666667,0.5833333333333333,9,0.8333333333333334
consequential_time,133,141,10,5,5,10,0.9166666666666666,0.9166666666666666,5,0.5
consequential_time,133,142,10,5,5,10,0.9166666666666666,0.9166666666666666,5,0.5
consequential_time,133,143,10,5,5,0,0.08333333333333333,0.9166666666666666,5,0.5
consequential_time,133,144,10,5,5,1,0.16666666666666666,0.8333333333333334,4,0.4166666666666667
consequential_time,133,145,10,5,5,0,0.08333333333333333,0.9166666666666666,5,0.5
consequential_time,133,146,10,5,5,2,0.25,0.75,5,0.5
consequential_time,133,147,10,5,5,10,0.9166666666666666,0.9166666666666666,5,0.5
consequential_time,133,149,10,5,5,4,0.4166666666666667,0.5833333333333333,3,0.3333333333333333
consequential_time,133,150,10,5,5,6,0.5833333333333334,0.5833333333333334,1,0.16666666666666666
consequential_time,133,151,10,5,5,0,0.08333333333333333,0.9166666666666666,5,0.5
consequential_time,133,152,10,5,5,0,0.08333333333333333,0.9166666666666666,5,0.5
consequential_time,133,153,10,5,5,0,0.08333333333333333,0.9166666666666666,5,0.5
consequential_time,133,154,10,5,5,9,0.8333333333333334,0.8333333333333334,6,0.5833333333333334
consequential_time,133,155,10,5,5,10,0.9166666666666666,0.9166666666666666,5,0.5
consequential_time,133,156,10,5,5,4,0.4166666666666667,0.5833333333333333,9,0.8333333333333334
consequential_time,133,157,10,5,5,0,0.08333333333333333,0.9166666666666666,5,0.5
consequential_time,133,158,10,5,5,0,0.08333333333333333,0.9166666666666666,5,0.5
consequential_time,133,159,10,5,5,10,0.9166666666666666,0.9166666666666666,5,0.5
consequential_time,133,160,10,5,5,1,0.16666666666666666,0.8333333333333334,6,0.5833333333333334
consequential_time,133,161,10,5,5,10,0.9166666666666666,0.9166666666666666,5,0.5
consequential_time,135,136,10,5,5,0,0.08333333333333333,0.9166666666666666,5,0.5
consequential_time,135,137,10,5,5,2,0.25,0.75,3,0.3333333333333333
consequential_time,135,138,10,5,5,10,0.9166666666666666,0.9166666666666666,5,0.5
consequential_time,135,139,10,5,5,10,0.9166666666666666,0.9166666666666666,5,0.5
consequential_time,135,140,10,5,5,2,0.25,0.75,3,0.3333333333333333
consequential_time,135,141,10,5,5,10,0.9166666666666666,0.9166666666666666,5,0.5
consequential_time,135,142,10,5,5,10,0.9166666666666666,0.9166666666666666,5,0.5
consequential_time,135,143,10,5,5,5,0.5,0.5,2,0.25
consequential_time,135,144,10,5,5,4,0.4166666666666667,0.5833333333333333,1,0.16666666666666666
consequential_time,135,145,10,5,5,4,0.4166666666666667,0.5833333333333333,1,0.16666666666666666
consequential_time,135,146,10,5,5,10,0.9166666666666666,0.9166666666666666,5,0.5
consequential_time,135,147,10,5,5,8,0.75,0.75,7,0.6666666666666666
consequential_time,135,149,10,5,5,5,0.5,0.5,0,0.08333333333333333
consequential_time,135,150,10,5,5,4,0.4166666666666667,0.5833333333333333,1,0.16666666666666666
consequential_time,135,151,10,5,5,0,0.08333333333333333,0.9166666666666666,5,0.5
consequential_time,135,152,10,5,5,0,0.08333333333333333,0.9166666666666666,5,0.5
consequential_time,135,153,10,5,5,0,0.08333333333333333,0.9166666666666666,5,0.5
consequential_time,135,154,10,5,5,10,0.9166666666666666,0.9166666666666666,5,0.5
consequential_time,135,155,10,5,5,10,0.9166666666666666,0.9166666666666666,5,0.5
consequential_time,135,156,10,5,5,0,0.08333333333333333,0.9166666666666666,5,0.5
consequential_time,135,157,10,5,5,4,0.4166666666666667,0.5833333333333333,1,0.16666666666666666
consequential_time,135,158,10,5,5,0,0.08333333333333333,0.9166666666666666,5,0.5
consequential_time,135,159,10,5,5,6,0.5833333333333334,0.5833333333333334,1,0.16666666666666666
consequential_time,135,160,10,5,5,0,0.08333333333333333,0.9166666666666666,5,0.5
consequential_time,135,161,10,5,5,10,0.9166666666666666,0.9166666666666666,5,0.5
consequential_time,136,137,10,5,5,9,0.8333333333333334,0.8333333333333334,6,0.5833333333333334
consequential_time,136,138,10,5,5,10,0.9166666666666666,0.9166666666666666,5,0.5
consequential_time,136,139,10,5,5,10,0.9166666666666666,0.9166666666666666,5,0.5
consequential_time,136,140,10,5,5,9,0.8333333333333334,0.8333333333333334,4,0.4166666666666667
consequential_time,136,141,10,5,5,10,0.9166666666666666,0.9166666666666666,5,0.5
consequential_time,136,142,10,5,5,10,0.9166666666666666,0.9166666666666666,5,0.5
consequential_time,136,143,10,5,5,10,0.9166666666666666,0.9166666666666666,5,0.5
consequential_time,136,144,10,5,5,10,0.9166666666666666,0.9166666666666666,5,0.5
consequential_time,136,145,10,5,5,10,0.9166666666666666,0.9166666666666666,5,0.5
consequential_time,136,146,10,5,5,10,0.9166666666666666,0.9166666666666666,5,0.5
consequential_time,136,147,10,5,5,10,0.9166666666666666,0.9166666666666666,5,0.5
consequential_time,136,149,10,5,5,10,0.9166666666666666,0.9166666666666666,5,0.5
consequential_time,136,150,10,5,5,10,0.9166666666666666,0.9166666666666666,5,0.5
consequential_time,136,151,10,5,5,0,0.08333333333333333,0.9166666666666666,5,0.5
consequential_time,136,152,10,5,5,4,0.4166666666666667,0.5833333333333333,5,0.5
consequential_time,136,153,10,5,5,4,0.4166666666666667,0.5833333333333333,7,0.6666666666666666
consequential_time,136,154,10,5,5,10,0.9166666666666666,0.9166666666666666,5,0.5
consequential_time,136,155,10,5,5,10,0.9166666666666666,0.9166666666666666,5,0.5
consequential_time,136,156,10,5,5,9,0.8333333333333334,0.8333333333333334,4,0.4166666666666667
consequential_time,136,157,10,5,5,5,0.5,0.5,0,0.08333333333333333
consequential_time,136,158,10,5,5,10,0.9166666666666666,0.9166666666666666,5,0.5
consequential_time,136,159,10,5,5,10,0.9166666666666666,0.9166666666666666,5,0.5
consequential_time,136,160,10,5,5,1,0.16666666666666666,0.8333333333333334,6,0.5833333333333334
consequential_time,136,161,10,5,5,10,0.9166666666666666,0.9166666666666666,5,0.5
consequential_time,137,138,10,5,5,10,0.9166666666666666,0.9166666666666666,5,0.5
consequential_time,137,139,10,5,5,10,0.9166666666666666,0.9166666666666666,5,0.5
consequential_time,137,140,10,5,5,5,0.5,0.5,10,0.9166666666666666
consequential_time,137,141,10,5,5,10,0.9166666666666666,0.9166666666666666,5,0.5
consequential_time,137,142,10,5,5,10,0.9166666666666666,0.9166666666666666,5,0.5
consequential_time,137,143,10,5,5,4,0.4166666666666667,0.5833333333333333,9,0.8333333333333334
consequential_time,137,144,10,5,5,10,0.9166666666666666,0.9166666666666666,5,0.5
consequential_time,137,145,10,5,5,9,0.8333333333333334,0.8333333333333334,4,0.4166666666666667
consequential_time,137,146,10,5,5,10,0.9166666666666666,0.9166666666666666,5,0.5
consequential_time,137,147,10,5,5,10,0.9166666666666666,0.9166666666666666,5,0.5
consequential_time,137,149,10,5,5,10,0.9166666666666666,0.9166666666666666,5,0.5
consequential_time,137,150,10,5,5,10,0.9166666666666666,0.9166666666666666,5,0.5
consequential_time,137,151,10,5,5,1,0.16666666666666666,0.8333333333333334,4,0.4166666666666667
consequential_time,137,152,10,5,5,3,0.3333333333333333,0.6666666666666667,8,0.75
consequential_time,137,153,10,5,5,0,0.08333333333333333,0.9166666666666666,5,0.5
consequential_time,137,154,10,5,5,10,0.9166666666666666,0.9166666666666666,5,0.5
consequential_time,137,155,10,5,5,10,0.9166666666666666,0.9166666666666666,5,0.5
consequential_time,137,156,10,5,5,8,0.75,0.75,7,0.6666666666666666
consequential_time,137,157,10,5,5,5,0.5,0.5,0,0.08333333333333333
consequential_time,137,158,10,5,5,5,0.5,0.5,6,0.5833333333333334
consequential_time,137,159,10,5,5,10,0.9166666666666666,0.9166666666666666,5,0.5
consequential_time,137,160,10,5,5,0,0.08333333333333333,0.9166666666666666,5,0.5
consequential_time,137,161,10,5,5,10,0.9166666666666666,0.9166666666666666,5,0.5
consequential_time,138,139,10,5,5,0,0.08333333333333333,0.9166666666666666,5,0.5
consequential_time,138,140,10,5,5,0,0.08333333333333333,0.9166666666666666,5,0.5
consequential_time,138,141,10,5,5,8,0.75,0.75,3,0.3333333333333333
consequential_time,138,142,10,5,5,5,0.5,0.5,10,0.9166666666666666
consequential_time,138,143,10,5,5,0,0.08333333333333333,0.9166666666666666,5,0.5
consequential_time,138,144,10,5,5,0,0.08333333333333333,0.9166666666666666,5,0.5
consequential_time,138,145,10,5,5,0,0.08333333333333333,0.9166666666666666,5,0.5
consequential_time,138,146,10,5,5,3,0.3333333333333333,0.6666666666666667,2,0.25
consequential_time,138,147,10,5,5,0,0.08333333333333333,0.9166666666666666,5,0.5
consequential_time,138,149,10,5,5,0,0.08333333333333333,0.9166666666666666,5,0.5
consequential_time,138,150,10,5,5,0,0.08333333333333333,0.9166666666666666,5,0.5
consequential_time,138,151,10,5,5,0,0.08333333333333333,0.9166666666666666,5,0.5
consequential_time,138,152,10,5,5,0,0.08333333333333333,0.9166666666666666,5,0.5
consequential_time,138,153,10,5,5,0,0.08333333333333333,0.9166666666666666,5,0.5
consequential_time,138,154,10,5,5,1,0.16666666666666666,0.8333333333333334,4,0.4166666666666667
consequential_time,138,155,10,5,5,0,0.08333333333333333,0.9166666666666666,5,0.5
consequential_time,138,156,10,5,5,0,0.08333333333333333,0.9166666666666666,5,0.5
consequential_time,138,157,10,5,5,0,0.08333333333333333,0.9166666666666666,5,0.5
consequential_time,138,158,10,5,5,0,0.08333333333333333,0.9166666666666666,5,0.5
consequential_time,138,159,10,5,5,2,0.25,0.75,3,0.3333333333333333
consequential_time,138,160,10,5,5,0,0.08333333333333333,0.9166666666666666,5,0.5
consequential_time,138,161,10,5,5,1,0.16666666666666666,0.8333333333333334,4,0.4166666666666667
consequential_time,139,140,10,5,5,0,0.08333333333333333,0.9166666666666666,5,0.5
consequential_time,139,141,10,5,5,10,0.9166666666666666,0.9166666666666666,5,0.5
consequential_time,139,142,10,5,5,4,0.4166666666666667,0.5833333333333333,5,0.5
consequential_time,139,143,10,5,5,0,0.08333333333333333,0.9166666666666666,5,0.5
consequential_time,139,144,10,5,5,0,0.08333333333333333,0.9166666666666666,5,0.5
consequential_time,139,145,10,5,5,0,0.08333333333333333,0.9166666666666666,5,0.5
consequential_time,139,146,10,5,5,0,0.08333333333333333,0.9166666666666666,5,0.5
consequential_time,139,147,10,5,5,4,0.4166666666666667,0.5833333333333333,9,0.8333333333333334
consequential_time,139,149,10,5,5,0,0.08333333333333333,0.9166666666666666,5,0.5
consequential_time,139,150,10,5,5,0,0.08333333333333333,0.9166666666666666,5,0.5
consequential_time,139,151,10,5,5,0,0.08333333333333333,0.9166666666666666,5,0.5
consequential_time,139,152,10,5,5,0,0.08333333333333333,0.9166666666666666,5,0.5
consequential_time,139,153,10,5,5,0,0.08333333333333333,0.9166666666666666,5,0.5
consequential_time,139,154,10,5,5,0,0.08333333333333333,0.9166666666666666,5,0.5
consequential_time,139,155,10,5,5,6,0.5833333333333334,0.5833333333333334,1,0.16666666666666666
consequential_time,139,156,10,5,5,0,0.08333333333333333,0.9166666666666666,5,0.5
consequential_time,139,157,10,5,5,0,0.08333333333333333,0.9166666666666666,5,0.5
consequential_time,139,158,10,5,5,0,0.08333333333333333,0.9166666666666666,5,0.5
consequential_time,139,159,10,5,5,1,0.16666666666666666,0.8333333333333334,6,0.5833333333333334
consequential_time,139,160,10,5,5,0,0.08333333333333333,0.9166666666666666,5,0.5
consequential_time,139,161,10,5,5,8,0.75,0.75,7,0.6666666666666666
consequential_time,140,141,10,5,5,10,0.9166666666666666,0.9166666666666666,5,0.5
consequential_time,140,142,10,5,5,10,0.9166666666666666,0.9166666666666666,5,0.5
consequential_time,140,143,10,5,5,0,0.08333333333333333,0.9166666666666666,5,0.5
consequential_time,140,144,10,5,5,0,0.08333333333333333,0.9166666666666666,5,0.5
consequential_time,140,145,10,5,5,3,0.3333333333333333,0.6666666666666667,2,0.25
consequential_time,140,146,10,5,5,9,0.8333333333333334,0.8333333333333334,6,0.5833333333333334
consequential_time,140,147,10,5,5,10,0.9166666666666666,0.9166666666666666,5,0.5
consequential_time,140,149,10,5,5,9,0.8333333333333334,0.8333333333333334,4,0.4166666666666667
consequential_time,140,150,10,5,5,10,0.9166666666666666,0.9166666666666666,5,0.5
consequential_time,140,151,10,5,5,1,0.16666666666666666,0.8333333333333334,6,0.5833333333333334
consequential_time,140,152,10,5,5,3,0.3333333333333333,0.6666666666666667,8,0.75
consequential_time,140,153,10,5,5,0,0.08333333333333333,0.9166666666666666,5,0.5
consequential_time,140,154,10,5,5,10,0.9166666666666666,0.9166666666666666,5,0.5
consequential_time,140,155,10,5,5,10,0.9166666666666666,0.9166666666666666,5,0.5
consequential_time,140,156,10,5,5,5,0.5,0.5,10,0.9166666666666666
consequential_time,140,157,10,5,5,1,0.16666666666666666,0.8333333333333334,4,0.4166666666666667
consequential_time,140,158,10,5,5,0,0.08333333333333333,0.9166666666666666,5,0.5
consequential_time,140,159,10,5,5,10,0.9166666666666666,0.9166666666666666,5,0.5
consequential_time,140,160,10,5,5,0,0.08333333333333333,0.9166666666666666,5,0.5
consequential_time,140,161,10,5,5,10,0.9166666666666666,0.9166666666666666,5,0.5
consequential_time,141,142,10,5,5,0,0.08333333333333333,0.9166666666666666,5,0.5
consequential_time,141,143,10,5,5,0,0.08333333333333333,0.9166666666666666,5,0.5
consequential_time,141,144,10,5,5,0,0.08333333333333333,0.9166666666666666,5,0.5
consequential_time,141,145,10,5,5,0,0.08333333333333333,0.9166666666666666,5,0.5
consequential_time,141,146,10,5,5,0,0.08333333333333333,0.9166666666666666,5,0.5
consequential_time,141,147,10,5,5,0,0.08333333333333333,0.9166666666666666,5,0.5
consequential_time,141,149,10,5,5,0,0.08333333333333333,0.9166666666666666,5,0.5
consequential_time,141,150,10,5,5,0,0.08333333333333333,0.9166666666666666,5,0.5
consequential_time,141,151,10,5,5,0,0.08333333333333333,0.9166666666666666,5,0.5
consequential_time,141,152,10,5,5,0,0.08333333333333333,0.9166666666666666,5,0.5
consequential_time,141,153,10,5,5,0,0.08333333333333333,0.9166666666666666,5,0.5
consequential_time,141,154,10,5,5,0,0.08333333333333333,0.9166666666666666,5,0.5
consequential_time,141,155,10,5,5,1,0.16666666666666666,0.8333333333333334,4,0.4166666666666667
consequential_time,141,156,10,5,5,0,0.08333333333333333,0.9166666666666666,5,0.5
consequential_time,141,157,10,5,5,0,0.08333333333333333,0.9166666666666666,5,0.5
consequential_time,141,158,10,5,5,0,0.08333333333333333,0.9166666666666666,5,0.5
consequential_time,141,159,10,5,5,0,0.08333333333333333,0.9166666666666666,5,0.5
consequential_time,141,160,10,5,5,0,0.08333333333333333,0.9166666666666666,5,0.5
consequential_time,141,161,10,5,5,0,0.08333333333333333,0.9166666666666666,5,0.5
consequential_time,142,143,10,5,5,0,0.08333333333333333,0.9166666666666666,5,0.5
consequential_time,142,144,10,5,5,0,0.08333333333333333,0.9166666666666666,5,0.5
consequential_time,142,145,10,5,5,4,0.4166666666666667,0.5833333333333333,9,0.8333333333333334
consequential_time,142,146,10,5,5,0,0.08333333333333333,0.9166666666666666,5,0.5
consequential_time,142,147,10,5,5,5,0.5,0.5,10,0.9166666666666666
consequential_time,142,149,10,5,5,2,0.25,0.75,7,0.6666666666666666
consequential_time,142,150,10,5,5,0,0.08333333333333333,0.9166666666666666,5,0.5
consequential_time,142,151,10,5,5,0,0.08333333333333333,0.9166666666666666,5,0.5
consequential_time,142,152,10,5,5,0,0.08333333333333333,0.9166666666666666,5,0.5
consequential_time,142,153,10,5,5,0,0.08333333333333333,0.9166666666666666,5,0.5
consequential_time,142,154,10,5,5,0,0.08333333333333333,0.9166666666666666,5,0.5
consequential_time,142,155,10,5,5,1,0.16666666666666666,0.8333333333333334,6,0.5833333333333334
consequential_time,142,156,10,5,5,0,0.08333333333333333,0.9166666666666666,5,0.5
consequential_time,142,157,10,5,5,0,0.08333333333333333,0.9166666666666666,5,0.5
consequential_time,142,158,10,5,5,0,0.08333333333333333,0.9166666666666666,5,0.5
consequential_time,142,159,10,5,5,5,0.5,0.5,10,0.9166666666666666
consequential_time,142,160,10,5,5,0,0.08333333333333333,0.9166666666666666,5,0.5
consequential_time,142,161,10,5,5,5,0.5,0.5,2,0.25
consequential_time,143,144,10,5,5,8,0.75,0.75,3,0.3333333333333333
consequential_time,143,145,10,5,5,5,0.5,0.5,10,0.9166666666666666
consequential_time,143,146,10,5,5,5,0.5,0.5,10,0.9166666666666666
consequential_time,143,147,10,5,5,10,0.9166666666666666,0.9166666666666666,5,0.5
consequential_time,143,149,10,5,5,8,0.75,0.75,5,0.5
consequential_time,143,150,10,5,5,9,0.8333333333333334,0.8333333333333334,6,0.5833333333333334
consequential_time,143,151,10,5,5,0,0.08333333333333333,0.9166666666666666,5,0.5
consequential_time,143,152,10,5,5,1,0.16666666666666666,0.8333333333333334,6,0.5833333333333334
consequential_time,143,153,10,5,5,2,0.25,0.75,7,0.6666666666666666
consequential_time,143,154,10,5,5,10,0.9166666666666666,0.9166666666666666,5,0.5
consequential_time,143,155,10,5,5,10,0.9166666666666666,0.9166666666666666,5,0.5
consequential_time,143,156,10,5,5,8,0.75,0.75,5,0.5
consequential_time,143,157,10,5,5,0,0.08333333333333333,0.9166666666666666,5,0.5
consequential_time,143,158,10,5,5,2,0.25,0.75,5,0.5
consequential_time,143,159,10,5,5,10,0.9166666666666666,0.9166666666666666,5,0.5
consequential_time,143,160,10,5,5,0,0.08333333333333333,0.9166666666666666,5,0.5
consequential_time,143,161,10,5,5,10,0.9166666666666666,0.9166666666666666,5,0.5
consequential_time,144,145,10,5,5,5,0.5,0.5,2,0.25
consequential_time,144,146,10,5,5,10,0.9166666666666666,0.9166666666666666,5,0.5
consequential_time,144,147,10,5,5,9,0.8333333333333334,0.8333333333333334,6,0.5833333333333334
consequential_time,144,149,10,5,5,10,0.9166666666666666,0.9166666666666666,5,0.5
consequential_time,144,150,10,5,5,9,0.8333333333333334,0.8333333333333334,4,0.4166666666666667
consequential_time,144,151,10,5,5,0,0.08333333333333333,0.9166666666666666,5,0.5
consequential_time,144,152,10,5,5,1,0.16666666666666666,0.8333333333333334,4,0.4166666666666667
consequential_time,144,153,10,5,5,0,0.08333333333333333,0.9166666666666666,5,0.5
consequential_time,144,154,10,5,5,5,0.5,0.5,2,0.25
consequential_time,144,155,10,5,5,10,0.9166666666666666,0.9166666666666666,5,0.5
consequential_time,144,156,10,5,5,7,0.6666666666666666,0.6666666666666666,2,0.25
consequential_time,144,157,10,5,5,0,0.08333333333333333,0.9166666666666666,5,0.5
consequential_time,144,158,10,5,5,3,0.3333333333333333,0.6666666666666667,2,0.25
consequential_time,144,159,10,5,5,10,0.9166666666666666,0.9166666666666666,5,0.5
consequential_time,144,160,10,5,5,1,0.16666666666666666,0.8333333333333334,6,0.5833333333333334
consequential_time,144,161,10,5,5,10,0.9166666666666666,0.9166666666666666,5,0.5
consequential_time,145,146,10,5,5,7,0.6666666666666666,0.6666666666666666,4,0.4166666666666667
consequential_time,145,147,10,5,5,10,0.9166666666666666,0.9166666666666666,5,0.5
consequential_time,145,149,10,5,5,9,0.8333333333333334,0.8333333333333334,4,0.4166666666666667
consequential_time,145,150,10,5,5,6,0.5833333333333334,0.5833333333333334,5,0.5
consequential_time,145,151,10,5,5,0,0.08333333333333333,0.9166666666666666,5,0.5
consequential_time,145,152,10,5,5,0,0.08333333333333333,0.9166666666666666,5,0.5
consequential_time,145,153,10,5,5,1,0.16666666666666666,0.8333333333333334,6,0.5833333333333334
consequential_time,145,154,10,5,5,5,0.5,0.5,0,0.08333333333333333
consequential_time,145,155,10,5,5,10,0.9166666666666666,0.9166666666666666,5,0.5
consequential_time,145,156,10,5,5,8,0.75,0.75,7,0.6666666666666666
consequential_time,145,157,10,5,5,1,0.16666666666666666,0.8333333333333334,4,0.4166666666666667
consequential_time,145,158,10,5,5,1,0.16666666666666666,0.8333333333333334,6,0.5833333333333334
consequential_time,145,159,10,5,5,10,0.9166666666666666,0.9166666666666666,5,0.5
consequential_time,145,160,10,5,5,0,0.08333333333333333,0.9166666666666666,5,0.5
consequential_time,145,161,10,5,5,10,0.9166666666666666,0.9166666666666666,5,0.5
consequential_time,146,147,10,5,5,8,0.75,0.75,7,0.6666666666666666
consequential_time,146,149,10,5,5,1,0.16666666666666666,0.8333333333333334,4,0.4166666666666667
consequential_time,146,150,10,5,5,5,0.5,0.5,10,0.9166666666666666
consequential_time,146,151,10,5,5,0,0.08333333333333333,0.9166666666666666,5,0.5
consequential_time,146,152,10,5,5,0,0.08333333333333333,0.9166666666666666,5,0.5
consequential_time,146,153,10,5,5,0,0.08333333333333333,0.9166666666666666,5,0.5
consequential_time,146,154,10,5,5,1,0.16666666666666666,0.8333333333333334,6,0.5833333333333334
consequential_time,146,155,10,5,5,7,0.6666666666666666,0.6666666666666666,8,0.75
consequential_time,146,156,10,5,5,0,0.08333333333333333,0.9166666666666666,5,0.5
consequential_time,146,157,10,5,5,0,0.08333333333333333,0.9166666666666666,5,0.5
consequential_time,146,158,10,5,5,0,0.08333333333333333,0.9166666666666666,5,0.5
consequential_time,146,159,10,5,5,10,0.9166666666666666,0.9166666666666666,5,0.5
consequential_time,146,160,10,5,5,0,0.08333333333333333,0.9166666666666666,5,0.5
consequential_time,146,161,10,5,5,4,0.4166666666666667,0.5833333333333333,3,0.3333333333333333
consequential_time,147,149,10,5,5,7,0.6666666666666666,0.6666666666666666,4,0.4166666666666667
consequential_time,147,150,10,5,5,0,0.08333333333333333,0.9166666666666666,5,0.5
consequential_time,147,151,10,5,5,0,0.08333333333333333,0.9166666666666666,5,0.5
consequential_time,147,152,10,5,5,1,0.16666666666666666,0.8333333333333334,6,0.5833333333333334
consequential_time,147,153,10,5,5,0,0.08333333333333333,0.9166666666666666,5,0.5
consequential_time,147,154,10,5,5,9,0.8333333333333334,0.8333333333333334,4,0.4166666666666667
consequential_time,147,155,10,5,5,5,0.5,0.5,10,0.9166666666666666
consequential_time,147,156,10,5,5,0,0.08333333333333333,0.9166666666666666,5,0.5
consequential_time,147,157,10,5,5,0,0.08333333333333333,0.9166666666666666,5,0.5
consequential_time,147,158,10,5,5,0,0.08333333333333333,0.9166666666666666,5,0.5
consequential_time,147,159,10,5,5,1,0.16666666666666666,0.8333333333333334,6,0.5833333333333334
consequential_time,147,160,10,5,5,0,0.08333333333333333,0.9166666666666666,5,0.5
consequential_time,147,161,10,5,5,8,0.75,0.75,3,0.3333333333333333
consequential_time,149,150,10,5,5,3,0.3333333333333333,0.6666666666666667,2,0.25
consequential_time,149,151,10,5,5,0,0.08333333333333333,0.9166666666666666,5,0.5
consequential_time,149,152,10,5,5,5,0.5,0.5,10,0.9166666666666666
consequential_time,149,153,10,5,5,0,0.08333333333333333,0.9166666666666666,5,0.5
consequential_time,149,154,10,5,5,5,0.5,0.5,0,0.08333333333333333
consequential_time,149,155,10,5,5,10,0.9166666666666666,0.9166666666666666,5,0.5
consequential_time,149,156,10,5,5,0,0.08333333333333333,0.9166666666666666,5,0.5
consequential_time,149,157,10,5,5,1,0.16666666666666666,0.8333333333333334,4,0.4166666666666667
consequential_time,149,158,10,5,5,2,0.25,0.75,7,0.6666666666666666
consequential_time,149,159,10,5,5,8,0.75,0.75,5,0.5
consequential_time,149,160,10,5,5,0,0.08333333333333333,0.9166666666666666,5,0.5
consequential_time,149,161,10,5,5,10,0.9166666666666666,0.9166666666666666,5,0.5
consequential_time,150,151,10,5,5,0,0.08333333333333333,0.9166666666666666,5,0.5
consequential_time,150,152,10,5,5,0,0.08333333333333333,0.9166666666666666,5,0.5
consequential_time,150,153,10,5,5,0,0.08333333333333333,0.9166666666666666,5,0.5
consequential_time,150,154,10,5,5,8,0.75,0.75,3,0.3333333333333333
consequential_time,150,155,10,5,5,10,0.9166666666666666,0.9166666666666666,5,0.5
consequential_time,150,156,10,5,5,5,0.5,0.5,10,0.9166666666666666
consequential_time,150,157,10,5,5,0,0.08333333333333333,0.9166666666666666,5,0.5
consequential_time,150,158,10,5,5,0,0.08333333333333333,0.9166666666666666,5,0.5
consequential_time,150,159,10,5,5,10,0.9166666666666666,0.9166666666666666,5,0.5
consequential_time,150,160,10,5,5,0,0.08333333333333333,0.9166666666666666,5,0.5
consequential_time,150,161,10,5,5,10,0.9166666666666666,0.9166666666666666,5,0.5
consequential_time,151,152,10,5,5,5,0.5,0.5,10,0.9166666666666666
consequential_time,151,153,10,5,5,4,0.4166666666666667,0.5833333333333333,9,0.8333333333333334
consequential_time,151,154,10,5,5,10,0.9166666666666666,0.9166666666666666,5,0.5
consequential_time,151,155,10,5,5,10,0.9166666666666666,0.9166666666666666,5,0.5
consequential_time,151,156,10,5,5,10,0.9166666666666666,0.9166666666666666,5,0.5
consequential_time,151,157,10,5,5,9,0.8333333333333334,0.8333333333333334,4,0.4166666666666667
consequential_time,151,158,10,5,5,10,0.9166666666666666,0.9166666666666666,5,0.5
consequential_time,151,159,10,5,5,10,0.9166666666666666,0.9166666666666666,5,0.5
consequential_time,151,160,10,5,5,2,0.25,0.75,7,0.6666666666666666
consequential_time,151,161,10,5,5,10,0.9166666666666666,0.9166666666666666,5,0.5
consequential_time,152,153,10,5,5,5,0.5,0.5,8,0.75
consequential_time,152,154,10,5,5,10,0.9166666666666666,0.9166666666666666,5,0.5
consequential_time,152,155,10,5,5,10,0.9166666666666666,0.9166666666666666,5,0.5
consequential_time,152,156,10,5,5,10,0.9166666666666666,0.9166666666666666,5,0.5
consequential_time,152,157,10,5,5,2,0.25,0.75,7,0.6666666666666666
consequential_time,152,158,10,5,5,5,0.5,0.5,10,0.9166666666666666
consequential_time,152,159,10,5,5,10,0.9166666666666666,0.9166666666666666,5,0.5
consequential_time,152,160,10,5,5,0,0.08333333333333333,0.9166666666666666,5,0.5
consequential_time,152,161,10,5,5,10,0.9166666666666666,0.9166666666666666,5,0.5
consequential_time,153,154,10,5,5,8,0.75,0.75,3,0.3333333333333333
consequential_time,153,155,10,5,5,10,0.9166666666666666,0.9166666666666666,5,0.5
consequential_time,153,156,10,5,5,10,0.9166666666666666,0.9166666666666666,5,0.5
consequential_time,153,157,10,5,5,10,0.9166666666666666,0.9166666666666666,5,0.5
consequential_time,153,158,10,5,5,10,0.9166666666666666,0.9166666666666666,5,0.5
consequential_time,153,159,10,5,5,10,0.9166666666666666,0.9166666666666666,5,0.5
consequential_time,153,160,10,5,5,3,0.3333333333333333,0.6666666666666667,8,0.75
consequential_time,153,161,10,5,5,10,0.9166666666666666,0.9166666666666666,5,0.5
consequential_time,154,155,10,5,5,10,0.9166666666666666,0.9166666666666666,5,0.5
consequential_time,154,156,10,5,5,0,0.08333333333333333,0.9166666666666666,5,0.5
consequential_time,154,157,10,5,5,1,0.16666666666666666,0.8333333333333334,4,0.4166666666666667
consequential_time,154,158,10,5,5,4,0.4166666666666667,0.5833333333333333,1,0.16666666666666666
consequential_time,154,159,10,5,5,5,0.5,0.5,0,0.08333333333333333
consequential_time,154,160,10,5,5,0,0.08333333333333333,0.9166666666666666,5,0.5
consequential_time,154,161,10,5,5,8,0.75,0.75,3,0.3333333333333333
consequential_time,155,156,10,5,5,0,0.08333333333333333,0.9166666666666666,5,0.5
consequential_time,155,157,10,5,5,0,0.08333333333333333,0.9166666666666666,5,0.5
consequential_time,155,158,10,5,5,0,0.08333333333333333,0.9166666666666666,5,0.5
consequential_time,155,159,10,5,5,5,0.5,0.5,10,0.9166666666666666
consequential_time,155,160,10,5,5,0,0.08333333333333333,0.9166666666666666,5,0.5
consequential_time,155,161,10,5,5,0,0.08333333333333333,0.9166666666666666,5,0.5
consequential_time,156,157,10,5,5,0,0.08333333333333333,0.9166666666666666,5,0.5
consequential_time,156,158,10,5,5,0,0.08333333333333333,0.9166666666666666,5,0.5
consequential_time,156,159,10,5,5,10,0.9166666666666666,0.9166666666666666,5,0.5
consequential_time,156,160,10,5,5,5,0.5,0.5,10,0.9166666666666666
consequential_time,156,161,10,5,5,10,0.9166666666666666,0.9166666666666666,5,0.5
consequential_time,157,158,10,5,5,7,0.6666666666666666,0.6666666666666666,6,0.5833333333333334
consequential_time,157,159,10,5,5,10,0.9166666666666666,0.9166666666666666,5,0.5
consequential_time,157,160,10,5,5,0,0.08333333333333333,0.9166666666666666,5,0.5
consequential_time,157,161,10,5,5,10,0.9166666666666666,0.9166666666666666,5,0.5
consequential_time,158,159,10,5,5,10,0.9166666666666666,0.9166666666666666,5,0.5
consequential_time,158,160,10,5,5,0,0.08333333333333333,0.9166666666666666,5,0.5
consequential_time,158,161,10,5,5,10,0.9166666666666666,0.9166666666666666,5,0.5
consequential_time,159,160,10,5,5,0,0.08333333333333333,0.9166666666666666,5,0.5
consequential_time,159,161,10,5,5,8,0.75,0.75,7,0.6666666666666666
consequential_time,160,161,10,5,5,10,0.9166666666666666,0.9166666666666666,5,0.5
consequential_tokens,133,135,10,5,5,4,0.4166666666666667,0.5833333333333333,1,0.16666666666666666
consequential_tokens,133,136,10,5,5,0,0.08333333333333333,0.9166666666666666,5,0.5
consequential_tokens,133,137,10,5,5,10,0.9166666666666666,0.9166666666666666,5,0.5
consequential_tokens,133,138,10,5,5,10,0.9166666666666666,0.9166666666666666,5,0.5
consequential_tokens,133,139,10,5,5,10,0.9166666666666666,0.9166666666666666,5,0.5
consequential_tokens,133,140,10,5,5,1,0.16666666666666666,0.8333333333333334,4,0.4166666666666667
consequential_tokens,133,141,10,5,5,10,0.9166666666666666,0.9166666666666666,5,0.5
consequential_tokens,133,142,10,5,5,9,0.8333333333333334,0.8333333333333334,6,0.5833333333333334
consequential_tokens,133,143,10,5,5,1,0.16666666666666666,0.8333333333333334,4,0.4166666666666667
consequential_tokens,133,144,10,5,5,0,0.08333333333333333,0.9166666666666666,5,0.5
consequential_tokens,133,145,10,5,5,3,0.3333333333333333,0.6666666666666667,6,0.5833333333333334
consequential_tokens,133,146,10,5,5,9,0.8333333333333334,0.8333333333333334,6,0.5833333333333334
consequential_tokens,133,147,10,5,5,9,0.8333333333333334,0.8333333333333334,6,0.5833333333333334
consequential_tokens,133,149,10,5,5,9,0.8333333333333334,0.8333333333333334,4,0.4166666666666667
consequential_tokens,133,150,10,5,5,4,0.4166666666666667,0.5833333333333333,1,0.16666666666666666
consequential_tokens,133,151,10,5,5,0,0.08333333333333333,0.9166666666666666,5,0.5
consequential_tokens,133,152,10,5,5,0,0.08333333333333333,0.9166666666666666,5,0.5
consequential_tokens,133,153,10,5,5,0,0.08333333333333333,0.9166666666666666,5,0.5
consequential_tokens,133,154,10,5,5,10,0.9166666666666666,0.9166666666666666,5,0.5
consequential_tokens,133,155,10,5,5,10,0.9166666666666666,0.9166666666666666,5,0.5
consequential_tokens,133,156,10,5,5,4,0.4166666666666667,0.5833333333333333,7,0.6666666666666666
consequential_tokens,133,157,10,5,5,2,0.25,0.75,5,0.5
consequential_tokens,133,158,10,5,5,1,0.16666666666666666,0.8333333333333334,6,0.5833333333333334
consequential_tokens,133,159,10,5,5,10,0.9166666666666666,0.9166666666666666,5,0.5
consequential_tokens,133,160,10,5,5,0,0.08333333333333333,0.9166666666666666,5,0.5
consequential_tokens,133,161,10,5,5,10,0.9166666666666666,0.9166666666666666,5,0.5
consequential_tokens,135,136,10,5,5,7,0.6666666666666666,0.6666666666666666,2,0.25
consequential_tokens,135,137,10,5,5,6,0.5833333333333334,0.5833333333333334,1,0.16666666666666666
consequential_tokens,135,138,10,5,5,10,0.9166666666666666,0.9166666666666666,5,0.5
consequential_tokens,135,139,10,5,5,10,0.9166666666666666,0.9166666666666666,5,0.5
consequential_tokens,135,140,10,5,5,1,0.16666666666666666,0.8333333333333334,4,0.4166666666666667
consequential_tokens,135,141,10,5,5,10,0.9166666666666666,0.9166666666666666,5,0.5
consequential_tokens,135,142,10,5,5,10,0.9166666666666666,0.9166666666666666,5,0.5
consequential_tokens,135,143,10,5,5,3,0.3333333333333333,0.6666666666666667,4,0.4166666666666667
consequential_tokens,135,144,10,5,5,5,0.5,0.5,0,0.08333333333333333
consequential_tokens,135,145,10,5,5,0,0.08333333333333333,0.9166666666666666,5,0.5
consequential_tokens,135,146,10,5,5,10,0.9166666666666666,0.9166666666666666,5,0.5
consequential_tokens,135,147,10,5,5,10,0.9166666666666666,0.9166666666666666,5,0.5
consequential_tokens,135,149,10,5,5,8,0.75,0.75,3,0.3333333333333333
consequential_tokens,135,150,10,5,5,10,0.9166666666666666,0.9166666666666666,5,0.5
consequential_tokens,135,151,10,5,5,0,0.08333333333333333,0.9166666666666666,5,0.5
consequential_tokens,135,152,10,5,5,0,0.08333333333333333,0.9166666666666666,5,0.5
consequential_tokens,135,153,10,5,5,3,0.3333333333333333,0.6666666666666667,4,0.4166666666666667
consequential_tokens,135,154,10,5,5,10,0.9166666666666666,0.9166666666666666,5,0.5
consequential_tokens,135,155,10,5,5,10,0.9166666666666666,0.9166666666666666,5,0.5
consequential_tokens,135,156,10,5,5,7,0.6666666666666666,0.6666666666666666,4,0.4166666666666667
consequential_tokens,135,157,10,5,5,7,0.6666666666666666,0.6666666666666666,2,0.25
consequential_tokens,135,158,10,5,5,5,0.5,0.5,0,0.08333333333333333
consequential_tokens,135,159,10,5,5,10,0.9166666666666666,0.9166666666666666,5,0.5
consequential_tokens,135,160,10,5,5,0,0.08333333333333333,0.9166666666666666,5,0.5
consequential_tokens,135,161,10,5,5,10,0.9166666666666666,0.9166666666666666,5,0.5
consequential_tokens,136,137,10,5,5,7,0.6666666666666666,0.6666666666666666,6,0.5833333333333334
consequential_tokens,136,138,10,5,5,10,0.9166666666666666,0.9166666666666666,5,0.5
consequential_tokens,136,139,10,5,5,10,0.9166666666666666,0.9166666666666666,5,0.5
consequential_tokens,136,140,10,5,5,6,0.5833333333333334,0.5833333333333334,3,0.3333333333333333
consequential_tokens,136,141,10,5,5,10,0.9166666666666666,0.9166666666666666,5,0.5
consequential_tokens,136,142,10,5,5,10,0.9166666666666666,0.9166666666666666,5,0.5
consequential_tokens,136,143,10,5,5,6,0.5833333333333334,0.5833333333333334,9,0.8333333333333334
consequential_tokens,136,144,10,5,5,6,0.5833333333333334,0.5833333333333334,1,0.16666666666666666
consequential_tokens,136,145,10,5,5,4,0.4166666666666667,0.5833333333333333,9,0.8333333333333334
consequential_tokens,136,146,10,5,5,6,0.5833333333333334,0.5833333333333334,9,0.8333333333333334
consequential_tokens,136,147,10,5,5,10,0.9166666666666666,0.9166666666666666,5,0.5
consequential_tokens,136,149,10,5,5,10,0.9166666666666666,0.9166666666666666,5,0.5
consequential_tokens,136,150,10,5,5,10,0.9166666666666666,0.9166666666666666,5,0.5
consequential_tokens,136,151,10,5,5,0,0.08333333333333333,0.9166666666666666,5,0.5
consequential_tokens,136,152,10,5,5,0,0.08333333333333333,0.9166666666666666,5,0.5
consequential_tokens,136,153,10,5,5,1,0.16666666666666666,0.8333333333333334,4,0.4166666666666667
consequential_tokens,136,154,10,5,5,8,0.75,0.75,7,0.6666666666666666
consequential_tokens,136,155,10,5,5,10,0.9166666666666666,0.9166666666666666,5,0.5
consequential_tokens,136,156,10,5,5,4,0.4166666666666667,0.5833333333333333,5,0.5
consequential_tokens,136,157,10,5,5,3,0.3333333333333333,0.6666666666666667,2,0.25
consequential_tokens,136,158,10,5,5,8,0.75,0.75,3,0.3333333333333333
consequential_tokens,136,159,10,5,5,10,0.9166666666666666,0.9166666666666666,5,0.5
consequential_tokens,136,160,10,5,5,0,0.08333333333333333,0.9166666666666666,5,0.5
consequential_tokens,136,161,10,5,5,10,0.9166666666666666,0.9166666666666666,5,0.5
consequential_tokens,137,138,10,5,5,10,0.9166666666666666,0.9166666666666666,5,0.5
consequential_tokens,137,139,10,5,5,10,0.9166666666666666,0.9166666666666666,5,0.5
consequential_tokens,137,140,10,5,5,2,0.25,0.75,3,0.3333333333333333
consequential_tokens,137,141,10,5,5,10,0.9166666666666666,0.9166666666666666,5,0.5
consequential_tokens,137,142,10,5,5,10,0.9166666666666666,0.9166666666666666,5,0.5
consequential_tokens,137,143,10,5,5,0,0.08333333333333333,0.9166666666666666,5,0.5
consequential_tokens,137,144,10,5,5,5,0.5,0.5,2,0.25
consequential_tokens,137,145,10,5,5,4,0.4166666666666667,0.5833333333333333,9,0.8333333333333334
consequential_tokens,137,146,10,5,5,10,0.9166666666666666,0.9166666666666666,5,0.5
consequential_tokens,137,147,10,5,5,7,0.6666666666666666,0.6666666666666666,4,0.4166666666666667
consequential_tokens,137,149,10,5,5,10,0.9166666666666666,0.9166666666666666,5,0.5
consequential_tokens,137,150,10,5,5,3,0.3333333333333333,0.6666666666666667,4,0.4166666666666667
consequential_tokens,137,151,10,5,5,0,0.08333333333333333,0.9166666666666666,5,0.5
consequential_tokens,137,152,10,5,5,0,0.08333333333333333,0.9166666666666666,5,0.5
consequential_tokens,137,153,10,5,5,0,0.08333333333333333,0.9166666666666666,5,0.5
consequential_tokens,137,154,10,5,5,10,0.9166666666666666,0.9166666666666666,5,0.5
consequential_tokens,137,155,10,5,5,10,0.9166666666666666,0.9166666666666666,5,0.5
consequential_tokens,137,156,10,5,5,8,0.75,0.75,5,0.5
consequential_tokens,137,157,10,5,5,5,0.5,0.5,0,0.08333333333333333
consequential_tokens,137,158,10,5,5,4,0.4166666666666667,0.5833333333333333,1,0.16666666666666666
consequential_tokens,137,159,10,5,5,10,0.9166666666666666,0.9166666666666666,5,0.5
consequential_tokens,137,160,10,5,5,1,0.16666666666666666,0.8333333333333334,6,0.5833333333333334
consequential_tokens,137,161,10,5,5,10,0.9166666666666666,0.9166666666666666,5,0.5
consequential_tokens,138,139,10,5,5,9,0.8333333333333334,0.8333333333333334,4,0.4166666666666667
consequential_tokens,138,140,10,5,5,0,0.08333333333333333,0.9166666666666666,5,0.5
consequential_tokens,138,141,10,5,5,8,0.75,0.75,7,0.6666666666666666
consequential_tokens,138,142,10,5,5,5,0.5,0.5,10,0.9166666666666666
consequential_tokens,138,143,10,5,5,0,0.08333333333333333,0.9166666666666666,5,0.5
consequential_tokens,138,144,10,5,5,0,0.08333333333333333,0.9166666666666666,5,0.5
consequential_tokens,138,145,10,5,5,0,0.08333333333333333,0.9166666666666666,5,0.5
consequential_tokens,138,146,10,5,5,2,0.25,0.75,7,0.6666666666666666
consequential_tokens,138,147,10,5,5,4,0.4166666666666667,0.5833333333333333,9,0.8333333333333334
consequential_tokens,138,149,10,5,5,3,0.3333333333333333,0.6666666666666667,2,0.25
consequential_tokens,138,150,10,5,5,0,0.08333333333333333,0.9166666666666666,5,0.5
consequential_tokens,138,151,10,5,5,0,0.08333333333333333,0.9166666666666666,5,0.5
consequential_tokens,138,152,10,5,5,0,0.08333333333333333,0.9166666666666666,5,0.5
consequential_tokens,138,153,10,5,5,0,0.08333333333333333,0.9166666666666666,5,0.5
consequential_tokens,138,154,10,5,5,1,0.16666666666666666,0.8333333333333334,4,0.4166666666666667
consequential_tokens,138,155,10,5,5,3,0.3333333333333333,0.6666666666666667,4,0.4166666666666667
consequential_tokens,138,156,10,5,5,0,0.08333333333333333,0.9166666666666666,5,0.5
consequential_tokens,138,157,10,5,5,0,0.08333333333333333,0.9166666666666666,5,0.5
consequential_tokens,138,158,10,5,5,0,0.08333333333333333,0.9166666666666666,5,0.5
consequential_tokens,138,159,10,5,5,5,0.5,0.5,8,0.75
consequential_tokens,138,160,10,5,5,0,0.08333333333333333,0.9166666666666666,5,0.5
consequential_tokens,138,161,10,5,5,5,0.5,0.5,2,0.25
consequential_tokens,139,140,10,5,5,0,0.08333333333333333,0.9166666666666666,5,0.5
consequential_tokens,139,141,10,5,5,4,0.4166666666666667,0.5833333333333333,9,0.8333333333333334
consequential_tokens,139,142,10,5,5,8,0.75,0.75,7,0.6666666666666666
consequential_tokens,139,143,10,5,5,0,0.08333333333333333,0.9166666666666666,5,0.5
consequential_tokens,139,144,10,5,5,0,0.08333333333333333,0.9166666666666666,5,0.5
consequential_tokens,139,145,10,5,5,0,0.08333333333333333,0.9166666666666666,5,0.5
consequential_tokens,139,146,10,5,5,0,0.08333333333333333,0.9166666666666666,5,0.5
consequential_tokens,139,147,10,5,5,0,0.08333333333333333,0.9166666666666666,5,0.5
consequential_tokens,139,149,10,5,5,0,0.08333333333333333,0.9166666666666666,5,0.5
consequential_tokens,139,150,10,5,5,0,0.08333333333333333,0.9166666666666666,5,0.5
consequential_tokens,139,151,10,5,5,0,0.08333333333333333,0.9166666666666666,5,0.5
consequential_tokens,139,152,10,5,5,0,0.08333333333333333,0.9166666666666666,5,0.5
consequential_tokens,139,153,10,5,5,0,0.08333333333333333,0.9166666666666666,5,0.5
consequential_tokens,139,154,10,5,5,0,0.08333333333333333,0.9166666666666666,5,0.5
consequential_tokens,139,155,10,5,5,0,0.08333333333333333,0.9166666666666666,5,0.5
consequential_tokens,139,156,10,5,5,0,0.08333333333333333,0.9166666666666666,5,0.5
consequential_tokens,139,157,10,5,5,0,0.08333333333333333,0.9166666666666666,5,0.5
consequential_tokens,139,158,10,5,5,0,0.08333333333333333,0.9166666666666666,5,0.5
consequential_tokens,139,159,10,5,5,0,0.08333333333333333,0.9166666666666666,5,0.5
consequential_tokens,139,160,10,5,5,0,0.08333333333333333,0.9166666666666666,5,0.5
consequential_tokens,139,161,10,5,5,4,0.4166666666666667,0.5833333333333333,9,0.8333333333333334
consequential_tokens,140,141,10,5,5,10,0.9166666666666666,0.9166666666666666,5,0.5
consequential_tokens,140,142,10,5,5,10,0.9166666666666666,0.9166666666666666,5,0.5
consequential_tokens,140,143,10,5,5,4,0.4166666666666667,0.5833333333333333,9,0.8333333333333334
consequential_tokens,140,144,10,5,5,7,0.6666666666666666,0.6666666666666666,4,0.4166666666666667
consequential_tokens,140,145,10,5,5,3,0.3333333333333333,0.6666666666666667,2,0.25
consequential_tokens,140,146,10,5,5,9,0.8333333333333334,0.8333333333333334,6,0.5833333333333334
consequential_tokens,140,147,10,5,5,9,0.8333333333333334,0.8333333333333334,6,0.5833333333333334
consequential_tokens,140,149,10,5,5,10,0.9166666666666666,0.9166666666666666,5,0.5
consequential_tokens,140,150,10,5,5,9,0.8333333333333334,0.8333333333333334,6,0.5833333333333334
consequential_tokens,140,151,10,5,5,0,0.08333333333333333,0.9166666666666666,5,0.5
consequential_tokens,140,152,10,5,5,0,0.08333333333333333,0.9166666666666666,5,0.5
consequential_tokens,140,153,10,5,5,6,0.5833333333333334,0.5833333333333334,5,0.5
consequential_tokens,140,154,10,5,5,10,0.9166666666666666,0.9166666666666666,5,0.5
consequential_tokens,140,155,10,5,5,10,0.9166666666666666,0.9166666666666666,5,0.5
consequential_tokens,140,156,10,5,5,6,0.5833333333333334,0.5833333333333334,9,0.8333333333333334
consequential_tokens,140,157,10,5,5,0,0.08333333333333333,0.9166666666666666,5,0.5
consequential_tokens,140,158,10,5,5,2,0.25,0.75,5,0.5
consequential_tokens,140,159,10,5,5,9,0.8333333333333334,0.8333333333333334,4,0.4166666666666667
consequential_tokens,140,160,10,5,5,0,0.08333333333333333,0.9166666666666666,5,0.5
consequential_tokens,140,161,10,5,5,10,0.9166666666666666,0.9166666666666666,5,0.5
consequential_tokens,141,142,10,5,5,6,0.5833333333333334,0.5833333333333334,5,0.5
consequential_tokens,141,143,10,5,5,0,0.08333333333333333,0.9166666666666666,5,0.5
consequential_tokens,141,144,10,5,5,0,0.08333333333333333,0.9166666666666666,5,0.5
consequential_tokens,141,145,10,5,5,0,0.08333333333333333,0.9166666666666666,5,0.5
consequential_tokens,141,146,10,5,5,0,0.08333333333333333,0.9166666666666666,5,0.5
consequential_tokens,141,147,10,5,5,0,0.08333333333333333,0.9166666666666666,5,0.5
consequential_tokens,141,149,10,5,5,0,0.08333333333333333,0.9166666666666666,5,0.5
consequential_tokens,141,150,10,5,5,0,0.08333333333333333,0.9166666666666666,5,0.5
consequential_tokens,141,151,10,5,5,0,0.08333333333333333,0.9166666666666666,5,0.5
consequential_tokens,141,152,10,5,5,0,0.08333333333333333,0.9166666666666666,5,0.5
consequential_tokens,141,153,10,5,5,0,0.08333333333333333,0.9166666666666666,5,0.5
consequential_tokens,141,154,10,5,5,0,0.08333333333333333,0.9166666666666666,5,0.5
consequential_tokens,141,155,10,5,5,6,0.5833333333333334,0.5833333333333334,3,0.3333333333333333
consequential_tokens,141,156,10,5,5,0,0.08333333333333333,0.9166666666666666,5,0.5
consequential_tokens,141,157,10,5,5,0,0.08333333333333333,0.9166666666666666,5,0.5
consequential_tokens,141,158,10,5,5,0,0.08333333333333333,0.9166666666666666,5,0.5
consequential_tokens,141,159,10,5,5,0,0.08333333333333333,0.9166666666666666,5,0.5
consequential_tokens,141,160,10,5,5,0,0.08333333333333333,0.9166666666666666,5,0.5
consequential_tokens,141,161,10,5,5,0,0.08333333333333333,0.9166666666666666,5,0.5
consequential_tokens,142,143,10,5,5,0,0.08333333333333333,0.9166666666666666,5,0.5
consequential_tokens,142,144,10,5,5,0,0.08333333333333333,0.9166666666666666,5,0.5
consequential_tokens,142,145,10,5,5,0,0.08333333333333333,0.9166666666666666,5,0.5
consequential_tokens,142,146,10,5,5,0,0.08333333333333333,0.9166666666666666,5,0.5
consequential_tokens,142,147,10,5,5,3,0.3333333333333333,0.6666666666666667,8,0.75
consequential_tokens,142,149,10,5,5,1,0.16666666666666666,0.8333333333333334,6,0.5833333333333334
consequential_tokens,142,150,10,5,5,0,0.08333333333333333,0.9166666666666666,5,0.5
consequential_tokens,142,151,10,5,5,0,0.08333333333333333,0.9166666666666666,5,0.5
consequential_tokens,142,152,10,5,5,0,0.08333333333333333,0.9166666666666666,5,0.5
consequential_tokens,142,153,10,5,5,0,0.08333333333333333,0.9166666666666666,5,0.5
consequential_tokens,142,154,10,5,5,0,0.08333333333333333,0.9166666666666666,5,0.5
consequential_tokens,142,155,10,5,5,2,0.25,0.75,7,0.6666666666666666
consequential_tokens,142,156,10,5,5,0,0.08333333333333333,0.9166666666666666,5,0.5
consequential_tokens,142,157,10,5,5,0,0.08333333333333333,0.9166666666666666,5,0.5
consequential_tokens,142,158,10,5,5,0,0.08333333333333333,0.9166666666666666,5,0.5
consequential_tokens,142,159,10,5,5,3,0.3333333333333333,0.6666666666666667,8,0.75
consequential_tokens,142,160,10,5,5,0,0.08333333333333333,0.9166666666666666,5,0.5
consequential_tokens,142,161,10,5,5,4,0.4166666666666667,0.5833333333333333,7,0.6666666666666666
consequential_tokens,143,144,10,5,5,5,0.5,0.5,4,0.4166666666666667
consequential_tokens,143,145,10,5,5,6,0.5833333333333334,0.5833333333333334,9,0.8333333333333334
consequential_tokens,143,146,10,5,5,10,0.9166666666666666,0.9166666666666666,5,0.5
consequential_tokens,143,147,10,5,5,10,0.9166666666666666,0.9166666666666666,5,0.5
consequential_tokens,143,149,10,5,5,10,0.9166666666666666,0.9166666666666666,5,0.5
consequential_tokens,143,150,10,5,5,6,0.5833333333333334,0.5833333333333334,9,0.8333333333333334
consequential_tokens,143,151,10,5,5,0,0.08333333333333333,0.9166666666666666,5,0.5
consequential_tokens,143,152,10,5,5,0,0.08333333333333333,0.9166666666666666,5,0.5
consequential_tokens,143,153,10,5,5,7,0.6666666666666666,0.6666666666666666,8,0.75
consequential_tokens,143,154,10,5,5,10,0.9166666666666666,0.9166666666666666,5,0.5
consequential_tokens,143,155,10,5,5,10,0.9166666666666666,0.9166666666666666,5,0.5
consequential_tokens,143,156,10,5,5,10,0.9166666666666666,0.9166666666666666,5,0.5
consequential_tokens,143,157,10,5,5,1,0.16666666666666666,0.8333333333333334,6,0.5833333333333334
consequential_tokens,143,158,10,5,5,7,0.6666666666666666,0.6666666666666666,4,0.4166666666666667
consequential_tokens,143,159,10,5,5,10,0.9166666666666666,0.9166666666666666,5,0.5
consequential_tokens,143,160,10,5,5,0,0.08333333333333333,0.9166666666666666,5,0.5
consequential_tokens,143,161,10,5,5,10,0.9166666666666666,0.9166666666666666,5,0.5
consequential_tokens,144,145,10,5,5,6,0.5833333333333334,0.5833333333333334,5,0.5
consequential_tokens,144,146,10,5,5,9,0.8333333333333334,0.8333333333333334,6,0.5833333333333334
consequential_tokens,144,147,10,5,5,6,0.5833333333333334,0.5833333333333334,9,0.8333333333333334
consequential_tokens,144,149,10,5,5,10,0.9166666666666666,0.9166666666666666,5,0.5
consequential_tokens,144,150,10,5,5,10,0.9166666666666666,0.9166666666666666,5,0.5
consequential_tokens,144,151,10,5,5,0,0.08333333333333333,0.9166666666666666,5,0.5
consequential_tokens,144,152,10,5,5,0,0.08333333333333333,0.9166666666666666,5,0.5
consequential_tokens,144,153,10,5,5,0,0.08333333333333333,0.9166666666666666,5,0.5
consequential_tokens,144,154,10,5,5,10,0.9166666666666666,0.9166666666666666,5,0.5
consequential_tokens,144,155,10,5,5,10,0.9166666666666666,0.9166666666666666,5,0.5
consequential_tokens,144,156,10,5,5,5,0.5,0.5,0,0.08333333333333333
consequential_tokens,144,157,10,5,5,5,0.5,0.5,0,0.08333333333333333
consequential_tokens,144,158,10,5,5,6,0.5833333333333334,0.5833333333333334,1,0.16666666666666666
consequential_tokens,144,159,10,5,5,10,0.9166666666666666,0.9166666666666666,5,0.5
consequential_tokens,144,160,10,5,5,0,0.08333333333333333,0.9166666666666666,5,0.5
consequential_tokens,144,161,10,5,5,10,0.9166666666666666,0.9166666666666666,5,0.5
consequential_tokens,145,146,10,5,5,1,0.16666666666666666,0.8333333333333334,4,0.4166666666666667
consequential_tokens,145,147,10,5,5,10,0.9166666666666666,0.9166666666666666,5,0.5
consequential_tokens,145,149,10,5,5,10,0.9166666666666666,0.9166666666666666,5,0.5
consequential_tokens,145,150,10,5,5,9,0.8333333333333334,0.8333333333333334,6,0.5833333333333334
consequential_tokens,145,151,10,5,5,0,0.08333333333333333,0.9166666666666666,5,0.5
consequential_tokens,145,152,10,5,5,0,0.08333333333333333,0.9166666666666666,5,0.5
consequential_tokens,145,153,10,5,5,4,0.4166666666666667,0.5833333333333333,9,0.8333333333333334
consequential_tokens,145,154,10,5,5,4,0.4166666666666667,0.5833333333333333,1,0.16666666666666666
consequential_tokens,145,155,10,5,5,10,0.9166666666666666,0.9166666666666666,5,0.5
consequential_tokens,145,156,10,5,5,5,0.5,0.5,10,0.9166666666666666
consequential_tokens,145,157,10,5,5,4,0.4166666666666667,0.5833333333333333,7,0.6666666666666666
consequential_tokens,145,158,10,5,5,0,0.08333333333333333,0.9166666666666666,5,0.5
consequential_tokens,145,159,10,5,5,8,0.75,0.75,5,0.5
consequential_tokens,145,160,10,5,5,0,0.08333333333333333,0.9166666666666666,5,0.5
consequential_tokens,145,161,10,5,5,10,0.9166666666666666,0.9166666666666666,5,0.5
consequential_tokens,146,147,10,5,5,6,0.5833333333333334,0.5833333333333334,9,0.8333333333333334
consequential_tokens,146,149,10,5,5,10,0.9166666666666666,0.9166666666666666,5,0.5
consequential_tokens,146,150,10,5,5,5,0.5,0.5,10,0.9166666666666666
consequential_tokens,146,151,10,5,5,0,0.08333333333333333,0.9166666666666666,5,0.5
consequential_tokens,146,152,10,5,5,0,0.08333333333333333,0.9166666666666666,5,0.5
consequential_tokens,146,153,10,5,5,0,0.08333333333333333,0.9166666666666666,5,0.5
consequential_tokens,146,154,10,5,5,1,0.16666666666666666,0.8333333333333334,6,0.5833333333333334
consequential_tokens,146,155,10,5,5,6,0.5833333333333334,0.5833333333333334,9,0.8333333333333334
consequential_tokens,146,156,10,5,5,2,0.25,0.75,7,0.6666666666666666
consequential_tokens,146,157,10,5,5,0,0.08333333333333333,0.9166666666666666,5,0.5
consequential_tokens,146,158,10,5,5,0,0.08333333333333333,0.9166666666666666,5,0.5
consequential_tokens,146,159,10,5,5,10,0.9166666666666666,0.9166666666666666,5,0.5
consequential_tokens,146,160,10,5,5,0,0.08333333333333333,0.9166666666666666,5,0.5
consequential_tokens,146,161,10,5,5,8,0.75,0.75,3,0.3333333333333333
consequential_tokens,147,149,10,5,5,9,0.8333333333333334,0.8333333333333334,4,0.4166666666666667
consequential_tokens,147,150,10,5,5,3,0.3333333333333333,0.6666666666666667,8,0.75
consequential_tokens,147,151,10,5,5,0,0.08333333333333333,0.9166666666666666,5,0.5
consequential_tokens,147,152,10,5,5,0,0.08333333333333333,0.9166666666666666,5,0.5
consequential_tokens,147,153,10,5,5,3,0.3333333333333333,0.6666666666666667,8,0.75
consequential_tokens,147,154,10,5,5,6,0.5833333333333334,0.5833333333333334,5,0.5
consequential_tokens,147,155,10,5,5,10,0.9166666666666666,0.9166666666666666,5,0.5
consequential_tokens,147,156,10,5,5,1,0.16666666666666666,0.8333333333333334,6,0.5833333333333334
consequential_tokens,147,157,10,5,5,3,0.3333333333333333,0.6666666666666667,2,0.25
consequential_tokens,147,158,10,5,5,2,0.25,0.75,3,0.3333333333333333
consequential_tokens,147,159,10,5,5,1,0.16666666666666666,0.8333333333333334,6,0.5833333333333334
consequential_tokens,147,160,10,5,5,0,0.08333333333333333,0.9166666666666666,5,0.5
consequential_tokens,147,161,10,5,5,10,0.9166666666666666,0.9166666666666666,5,0.5
consequential_tokens,149,150,10,5,5,0,0.08333333333333333,0.9166666666666666,5,0.5
consequential_tokens,149,151,10,5,5,0,0.08333333333333333,0.9166666666666666,5,0.5
consequential_tokens,149,152,10,5,5,0,0.08333333333333333,0.9166666666666666,5,0.5
consequential_tokens,149,153,10,5,5,0,0.08333333333333333,0.9166666666666666,5,0.5
consequential_tokens,149,154,10,5,5,0,0.08333333333333333,0.9166666666666666,5,0.5
consequential_tokens,149,155,10,5,5,8,0.75,0.75,7,0.6666666666666666
consequential_tokens,149,156,10,5,5,2,0.25,0.75,3,0.3333333333333333
consequential_tokens,149,157,10,5,5,0,0.08333333333333333,0.9166666666666666,5,0.5
consequential_tokens,149,158,10,5,5,0,0.08333333333333333,0.9166666666666666,5,0.5
consequential_tokens,149,159,10,5,5,2,0.25,0.75,3,0.3333333333333333
consequential_tokens,149,160,10,5,5,0,0.08333333333333333,0.9166666666666666,5,0.5
consequential_tokens,149,161,10,5,5,10,0.9166666666666666,0.9166666666666666,5,0.5
consequential_tokens,150,151,10,5,5,0,0.08333333333333333,0.9166666666666666,5,0.5
consequential_tokens,150,152,10,5,5,0,0.08333333333333333,0.9166666666666666,5,0.5
consequential_tokens,150,153,10,5,5,0,0.08333333333333333,0.9166666666666666,5,0.5
consequential_tokens,150,154,10,5,5,10,0.9166666666666666,0.9166666666666666,5,0.5
consequential_tokens,150,155,10,5,5,9,0.8333333333333334,0.8333333333333334,6,0.5833333333333334
consequential_tokens,150,156,10,5,5,6,0.5833333333333334,0.5833333333333334,9,0.8333333333333334
consequential_tokens,150,157,10,5,5,4,0.4166666666666667,0.5833333333333333,3,0.3333333333333333
consequential_tokens,150,158,10,5,5,0,0.08333333333333333,0.9166666666666666,5,0.5
consequential_tokens,150,159,10,5,5,9,0.8333333333333334,0.8333333333333334,6,0.5833333333333334
consequential_tokens,150,160,10,5,5,1,0.16666666666666666,0.8333333333333334,6,0.5833333333333334
consequential_tokens,150,161,10,5,5,10,0.9166666666666666,0.9166666666666666,5,0.5
consequential_tokens,151,152,10,5,5,3,0.3333333333333333,0.6666666666666667,2,0.25
consequential_tokens,151,153,10,5,5,10,0.9166666666666666,0.9166666666666666,5,0.5
consequential_tokens,151,154,10,5,5,10,0.9166666666666666,0.9166666666666666,5,0.5
consequential_tokens,151,155,10,5,5,10,0.9166666666666666,0.9166666666666666,5,0.5
consequential_tokens,151,156,10,5,5,10,0.9166666666666666,0.9166666666666666,5,0.5
consequential_tokens,151,157,10,5,5,10,0.9166666666666666,0.9166666666666666,5,0.5
consequential_tokens,151,158,10,5,5,10,0.9166666666666666,0.9166666666666666,5,0.5
consequential_tokens,151,159,10,5,5,10,0.9166666666666666,0.9166666666666666,5,0.5
consequential_tokens,151,160,10,5,5,3,0.3333333333333333,0.6666666666666667,8,0.75
consequential_tokens,151,161,10,5,5,10,0.9166666666666666,0.9166666666666666,5,0.5
consequential_tokens,152,153,10,5,5,10,0.9166666666666666,0.9166666666666666,5,0.5
consequential_tokens,152,154,10,5,5,10,0.9166666666666666,0.9166666666666666,5,0.5
consequential_tokens,152,155,10,5,5,10,0.9166666666666666,0.9166666666666666,5,0.5
consequential_tokens,152,156,10,5,5,10,0.9166666666666666,0.9166666666666666,5,0.5
consequential_tokens,152,157,10,5,5,9,0.8333333333333334,0.8333333333333334,4,0.4166666666666667
consequential_tokens,152,158,10,5,5,10,0.9166666666666666,0.9166666666666666,5,0.5
consequential_tokens,152,159,10,5,5,10,0.9166666666666666,0.9166666666666666,5,0.5
consequential_tokens,152,160,10,5,5,8,0.75,0.75,3,0.3333333333333333
consequential_tokens,152,161,10,5,5,10,0.9166666666666666,0.9166666666666666,5,0.5
consequential_tokens,153,154,10,5,5,6,0.5833333333333334,0.5833333333333334,3,0.3333333333333333
consequential_tokens,153,155,10,5,5,10,0.9166666666666666,0.9166666666666666,5,0.5
consequential_tokens,153,156,10,5,5,10,0.9166666666666666,0.9166666666666666,5,0.5
consequential_tokens,153,157,10,5,5,3,0.3333333333333333,0.6666666666666667,6,0.5833333333333334
consequential_tokens,153,158,10,5,5,10,0.9166666666666666,0.9166666666666666,5,0.5
consequential_tokens,153,159,10,5,5,9,0.8333333333333334,0.8333333333333334,6,0.5833333333333334
consequential_tokens,153,160,10,5,5,0,0.08333333333333333,0.9166666666666666,5,0.5
consequential_tokens,153,161,10,5,5,10,0.9166666666666666,0.9166666666666666,5,0.5
consequential_tokens,154,155,10,5,5,10,0.9166666666666666,0.9166666666666666,5,0.5
consequential_tokens,154,156,10,5,5,1,0.16666666666666666,0.8333333333333334,4,0.4166666666666667
consequential_tokens,154,157,10,5,5,2,0.25,0.75,3,0.3333333333333333
consequential_tokens,154,158,10,5,5,6,0.5833333333333334,0.5833333333333334,5,0.5
consequential_tokens,154,159,10,5,5,8,0.75,0.75,3,0.3333333333333333
consequential_tokens,154,160,10,5,5,0,0.08333333333333333,0.9166666666666666,5,0.5
consequential_tokens,154,161,10,5,5,10,0.9166666666666666,0.9166666666666666,5,0.5
consequential_tokens,155,156,10,5,5,0,0.08333333333333333,0.9166666666666666,5,0.5
consequential_tokens,155,157,10,5,5,0,0.08333333333333333,0.9166666666666666,5,0.5
consequential_tokens,155,158,10,5,5,0,0.08333333333333333,0.9166666666666666,5,0.5
consequential_tokens,155,159,10,5,5,5,0.5,0.5,10,0.9166666666666666
consequential_tokens,155,160,10,5,5,0,0.08333333333333333,0.9166666666666666,5,0.5
consequential_tokens,155,161,10,5,5,5,0.5,0.5,10,0.9166666666666666
consequential_tokens,156,157,10,5,5,0,0.08333333333333333,0.9166666666666666,5,0.5
consequential_tokens,156,158,10,5,5,4,0.4166666666666667,0.5833333333333333,7,0.6666666666666666
consequential_tokens,156,159,10,5,5,9,0.8333333333333334,0.8333333333333334,4,0.4166666666666667
consequential_tokens,156,160,10,5,5,5,0.5,0.5,10,0.9166666666666666
consequential_tokens,156,161,10,5,5,10,0.9166666666666666,0.9166666666666666,5,0.5
consequential_tokens,157,158,10,5,5,6,0.5833333333333334,0.5833333333333334,1,0.16666666666666666
consequential_tokens,157,159,10,5,5,10,0.9166666666666666,0.9166666666666666,5,0.5
consequential_tokens,157,160,10,5,5,0,0.08333333333333333,0.9166666666666666,5,0.5
consequential_tokens,157,161,10,5,5,10,0.9166666666666666,0.9166666666666666,5,0.5
consequential_tokens,158,159,10,5,5,10,0.9166666666666666,0.9166666666666666,5,0.5
consequential_tokens,158,160,10,5,5,0,0.08333333333333333,0.9166666666666666,5,0.5
consequential_tokens,158,161,10,5,5,10,0.9166666666666666,0.9166666666666666,5,0.5
consequential_tokens,159,160,10,5,5,0,0.08333333333333333,0.9166666666666666,5,0.5
consequential_tokens,159,161,10,5,5,6,0.5833333333333334,0.5833333333333334,3,0.3333333333333333
consequential_tokens,160,161,10,5,5,10,0.9166666666666666,0.9166666666666666,5,0.5
stated,133,135,10,5,5,0,0.08333333333333333,0.9166666666666666,5,0.5
stated,133,136,10,5,5,5,0.5,0.5,10,0.9166666666666666
stated,133,137,10,5,5,5,0.5,0.5,10,0.9166666666666666
stated,133,138,10,5,5,0,0.08333333333333333,0.9166666666666666,5,0.5
stated,133,139,10,5,5,6,0.5833333333333334,0.5833333333333334,9,0.8333333333333334
stated,133,140,10,5,5,0,0.08333333333333333,0.9166666666666666,5,0.5
stated,133,141,10,5,5,10,0.9166666666666666,0.9166666666666666,5,0.5
stated,133,142,10,5,5,10,0.9166666666666666,0.9166666666666666,5,0.5
stated,133,143,10,5,5,4,0.4166666666666667,0.5833333333333333,9,0.8333333333333334
stated,133,144,10,5,5,0,0.08333333333333333,0.9166666666666666,5,0.5
stated,133,145,10,5,5,3,0.3333333333333333,0.6666666666666667,8,0.75
stated,133,146,10,5,5,0,0.08333333333333333,0.9166666666666666,5,0.5
stated,133,147,10,5,5,5,0.5,0.5,10,0.9166666666666666
stated,133,149,10,5,5,4,0.4166666666666667,0.5833333333333333,9,0.8333333333333334
stated,133,150,10,5,5,0,0.08333333333333333,0.9166666666666666,5,0.5
stated,133,151,10,5,5,0,0.08333333333333333,0.9166666666666666,5,0.5
stated,133,152,10,5,5,0,0.08333333333333333,0.9166666666666666,5,0.5
stated,133,153,10,5,5,0,0.08333333333333333,0.9166666666666666,5,0.5
stated,133,154,10,5,5,0,0.08333333333333333,0.9166666666666666,5,0.5
stated,133,155,10,5,5,10,0.9166666666666666,0.9166666666666666,5,0.5
stated,133,156,10,5,5,6,0.5833333333333334,0.5833333333333334,9,0.8333333333333334
stated,133,157,10,5,5,0,0.08333333333333333,0.9166666666666666,5,0.5
stated,133,158,10,5,5,5,0.5,0.5,10,0.9166666666666666
stated,133,159,10,5,5,0,0.08333333333333333,0.9166666666666666,5,0.5
stated,133,160,10,5,5,0,0.08333333333333333,0.9166666666666666,5,0.5
stated,133,161,10,5,5,8,0.75,0.75,7,0.6666666666666666
stated,135,136,10,5,5,10,0.9166666666666666,0.9166666666666666,5,0.5
stated,135,137,10,5,5,10,0.9166666666666666,0.9166666666666666,5,0.5
stated,135,138,10,5,5,10,0.9166666666666666,0.9166666666666666,5,0.5
stated,135,139,10,5,5,10,0.9166666666666666,0.9166666666666666,5,0.5
stated,135,140,10,5,5,2,0.25,0.75,7,0.6666666666666666
stated,135,141,10,5,5,10,0.9166666666666666,0.9166666666666666,5,0.5
stated,135,142,10,5,5,10,0.9166666666666666,0.9166666666666666,5,0.5
stated,135,143,10,5,5,9,0.8333333333333334,0.8333333333333334,6,0.5833333333333334
stated,135,144,10,5,5,9,0.8333333333333334,0.8333333333333334,6,0.5833333333333334
stated,135,145,10,5,5,6,0.5833333333333334,0.5833333333333334,9,0.8333333333333334
stated,135,146,10,5,5,3,0.3333333333333333,0.6666666666666667,8,0.75
stated,135,147,10,5,5,10,0.9166666666666666,0.9166666666666666,5,0.5
stated,135,149,10,5,5,10,0.9166666666666666,0.9166666666666666,5,0.5
stated,135,150,10,5,5,6,0.5833333333333334,0.5833333333333334,9,0.8333333333333334
stated,135,151,10,5,5,6,0.5833333333333334,0.5833333333333334,9,0.8333333333333334
stated,135,152,10,5,5,0,0.08333333333333333,0.9166666666666666,5,0.5
stated,135,153,10,5,5,0,0.08333333333333333,0.9166666666666666,5,0.5
stated,135,154,10,5,5,7,0.6666666666666666,0.6666666666666666,8,0.75
stated,135,155,10,5,5,10,0.9166666666666666,0.9166666666666666,5,0.5
stated,135,156,10,5,5,10,0.9166666666666666,0.9166666666666666,5,0.5
stated,135,157,10,5,5,10,0.9166666666666666,0.9166666666666666,5,0.5
stated,135,158,10,5,5,10,0.9166666666666666,0.9166666666666666,5,0.5
stated,135,159,10,5,5,0,0.08333333333333333,0.9166666666666666,5,0.5
stated,135,160,10,5,5,0,0.08333333333333333,0.9166666666666666,5,0.5
stated,135,161,10,5,5,10,0.9166666666666666,0.9166666666666666,5,0.5
stated,136,137,10,5,5,0,0.08333333333333333,0.9166666666666666,5,0.5
stated,136,138,10,5,5,0,0.08333333333333333,0.9166666666666666,5,0.5
stated,136,139,10,5,5,5,0.5,0.5,10,0.9166666666666666
stated,136,140,10,5,5,0,0.08333333333333333,0.9166666666666666,5,0.5
stated,136,141,10,5,5,3,0.3333333333333333,0.6666666666666667,8,0.75
stated,136,142,10,5,5,10,0.9166666666666666,0.9166666666666666,5,0.5
stated,136,143,10,5,5,1,0.16666666666666666,0.8333333333333334,6,0.5833333333333334
stated,136,144,10,5,5,0,0.08333333333333333,0.9166666666666666,5,0.5
stated,136,145,10,5,5,0,0.08333333333333333,0.9166666666666666,5,0.5
stated,136,146,10,5,5,0,0.08333333333333333,0.9166666666666666,5,0.5
stated,136,147,10,5,5,5,0.5,0.5,10,0.9166666666666666
stated,136,149,10,5,5,5,0.5,0.5,10,0.9166666666666666
stated,136,150,10,5,5,0,0.08333333333333333,0.9166666666666666,5,0.5
stated,136,151,10,5,5,0,0.08333333333333333,0.9166666666666666,5,0.5
stated,136,152,10,5,5,0,0.08333333333333333,0.9166666666666666,5,0.5
stated,136,153,10,5,5,0,0.08333333333333333,0.9166666666666666,5,0.5
stated,136,154,10,5,5,0,0.08333333333333333,0.9166666666666666,5,0.5
stated,136,155,10,5,5,10,0.9166666666666666,0.9166666666666666,5,0.5
stated,136,156,10,5,5,5,0.5,0.5,10,0.9166666666666666
stated,136,157,10,5,5,1,0.16666666666666666,0.8333333333333334,6,0.5833333333333334
stated,136,158,10,5,5,5,0.5,0.5,10,0.9166666666666666
stated,136,159,10,5,5,0,0.08333333333333333,0.9166666666666666,5,0.5
stated,136,160,10,5,5,0,0.08333333333333333,0.9166666666666666,5,0.5
stated,136,161,10,5,5,5,0.5,0.5,10,0.9166666666666666
stated,137,138,10,5,5,10,0.9166666666666666,0.9166666666666666,5,0.5
stated,137,139,10,5,5,10,0.9166666666666666,0.9166666666666666,5,0.5
stated,137,140,10,5,5,0,0.08333333333333333,0.9166666666666666,5,0.5
stated,137,141,10,5,5,10,0.9166666666666666,0.9166666666666666,5,0.5
stated,137,142,10,5,5,10,0.9166666666666666,0.9166666666666666,5,0.5
stated,137,143,10,5,5,5,0.5,0.5,10,0.9166666666666666
stated,137,144,10,5,5,3,0.3333333333333333,0.6666666666666667,6,0.5833333333333334
stated,137,145,10,5,5,5,0.5,0.5,10,0.9166666666666666
stated,137,146,10,5,5,0,0.08333333333333333,0.9166666666666666,5,0.5
stated,137,147,10,5,5,10,0.9166666666666666,0.9166666666666666,5,0.5
stated,137,149,10,5,5,10,0.9166666666666666,0.9166666666666666,5,0.5
stated,137,150,10,5,5,0,0.08333333333333333,0.9166666666666666,5,0.5
stated,137,151,10,5,5,0,0.08333333333333333,0.9166666666666666,5,0.5
stated,137,152,10,5,5,0,0.08333333333333333,0.9166666666666666,5,0.5
stated,137,153,10,5,5,0,0.08333333333333333,0.9166666666666666,5,0.5
stated,137,154,10,5,5,2,0.25,0.75,5,0.5
stated,137,155,10,5,5,10,0.9166666666666666,0.9166666666666666,5,0.5
stated,137,156,10,5,5,10,0.9166666666666666,0.9166666666666666,5,0.5
stated,137,157,10,5,5,2,0.25,0.75,7,0.6666666666666666
stated,137,158,10,5,5,5,0.5,0.5,10,0.9166666666666666
stated,137,159,10,5,5,0,0.08333333333333333,0.9166666666666666,5,0.5
stated,137,160,10,5,5,0,0.08333333333333333,0.9166666666666666,5,0.5
stated,137,161,10,5,5,9,0.8333333333333334,0.8333333333333334,6,0.5833333333333334
stated,138,139,10,5,5,5,0.5,0.5,10,0.9166666666666666
stated,138,140,10,5,5,0,0.08333333333333333,0.9166666666666666,5,0.5
stated,138,141,10,5,5,10,0.9166666666666666,0.9166666666666666,5,0.5
stated,138,142,10,5,5,10,0.9166666666666666,0.9166666666666666,5,0.5
stated,138,143,10,5,5,5,0.5,0.5,10,0.9166666666666666
stated,138,144,10,5,5,0,0.08333333333333333,0.9166666666666666,5,0.5
stated,138,145,10,5,5,4,0.4166666666666667,0.5833333333333333,9,0.8333333333333334
stated,138,146,10,5,5,0,0.08333333333333333,0.9166666666666666,5,0.5
stated,138,147,10,5,5,10,0.9166666666666666,0.9166666666666666,5,0.5
stated,138,149,10,5,5,6,0.5833333333333334,0.5833333333333334,9,0.8333333333333334
stated,138,150,10,5,5,0,0.08333333333333333,0.9166666666666666,5,0.5
stated,138,151,10,5,5,3,0.3333333333333333,0.6666666666666667,8,0.75
stated,138,152,10,5,5,0,0.08333333333333333,0.9166666666666666,5,0.5
stated,138,153,10,5,5,0,0.08333333333333333,0.9166666666666666,5,0.5
stated,138,154,10,5,5,8,0.75,0.75,3,0.3333333333333333
stated,138,155,10,5,5,10,0.9166666666666666,0.9166666666666666,5,0.5
stated,138,156,10,5,5,10,0.9166666666666666,0.9166666666666666,5,0.5
stated,138,157,10,5,5,5,0.5,0.5,10,0.9166666666666666
stated,138,158,10,5,5,0,0.08333333333333333,0.9166666666666666,5,0.5
stated,138,159,10,5,5,0,0.08333333333333333,0.9166666666666666,5,0.5
stated,138,160,10,5,5,0,0.08333333333333333,0.9166666666666666,5,0.5
stated,138,161,10,5,5,6,0.5833333333333334,0.5833333333333334,9,0.8333333333333334
stated,139,140,10,5,5,0,0.08333333333333333,0.9166666666666666,5,0.5
stated,139,141,10,5,5,7,0.6666666666666666,0.6666666666666666,4,0.4166666666666667
stated,139,142,10,5,5,10,0.9166666666666666,0.9166666666666666,5,0.5
stated,139,143,10,5,5,0,0.08333333333333333,0.9166666666666666,5,0.5
stated,139,144,10,5,5,0,0.08333333333333333,0.9166666666666666,5,0.5
stated,139,145,10,5,5,0,0.08333333333333333,0.9166666666666666,5,0.5
stated,139,146,10,5,5,0,0.08333333333333333,0.9166666666666666,5,0.5
stated,139,147,10,5,5,5,0.5,0.5,10,0.9166666666666666
stated,139,149,10,5,5,0,0.08333333333333333,0.9166666666666666,5,0.5
stated,139,150,10,5,5,0,0.08333333333333333,0.9166666666666666,5,0.5
stated,139,151,10,5,5,0,0.08333333333333333,0.9166666666666666,5,0.5
stated,139,152,10,5,5,0,0.08333333333333333,0.9166666666666666,5,0.5
stated,139,153,10,5,5,0,0.08333333333333333,0.9166666666666666,5,0.5
stated,139,154,10,5,5,4,0.4166666666666667,0.5833333333333333,9,0.8333333333333334
stated,139,155,10,5,5,10,0.9166666666666666,0.9166666666666666,5,0.5
stated,139,156,10,5,5,8,0.75,0.75,5,0.5
stated,139,157,10,5,5,0,0.08333333333333333,0.9166666666666666,5,0.5
stated,139,158,10,5,5,5,0.5,0.5,10,0.9166666666666666
stated,139,159,10,5,5,0,0.08333333333333333,0.9166666666666666,5,0.5
stated,139,160,10,5,5,0,0.08333333333333333,0.9166666666666666,5,0.5
stated,139,161,10,5,5,5,0.5,0.5,10,0.9166666666666666
stated,140,141,10,5,5,10,0.9166666666666666,0.9166666666666666,5,0.5
stated,140,142,10,5,5,10,0.9166666666666666,0.9166666666666666,5,0.5
stated,140,143,10,5,5,10,0.9166666666666666,0.9166666666666666,5,0.5
stated,140,144,10,5,5,9,0.8333333333333334,0.8333333333333334,4,0.4166666666666667
stated,140,145,10,5,5,10,0.9166666666666666,0.9166666666666666,5,0.5
stated,140,146,10,5,5,0,0.08333333333333333,0.9166666666666666,5,0.5
stated,140,147,10,5,5,10,0.9166666666666666,0.9166666666666666,5,0.5
stated,140,149,10,5,5,10,0.9166666666666666,0.9166666666666666,5,0.5
stated,140,150,10,5,5,9,0.8333333333333334,0.8333333333333334,6,0.5833333333333334
stated,140,151,10,5,5,10,0.9166666666666666,0.9166666666666666,5,0.5
stated,140,152,10,5,5,0,0.08333333333333333,0.9166666666666666,5,0.5
stated,140,153,10,5,5,5,0.5,0.5,6,0.5833333333333334
stated,140,154,10,5,5,10,0.9166666666666666,0.9166666666666666,5,0.5
stated,140,155,10,5,5,10,0.9166666666666666,0.9166666666666666,5,0.5
stated,140,156,10,5,5,10,0.9166666666666666,0.9166666666666666,5,0.5
stated,140,157,10,5,5,10,0.9166666666666666,0.9166666666666666,5,0.5
stated,140,158,10,5,5,10,0.9166666666666666,0.9166666666666666,5,0.5
stated,140,159,10,5,5,2,0.25,0.75,5,0.5
stated,140,160,10,5,5,0,0.08333333333333333,0.9166666666666666,5,0.5
stated,140,161,10,5,5,10,0.9166666666666666,0.9166666666666666,5,0.5
stated,141,142,10,5,5,5,0.5,0.5,10,0.9166666666666666
stated,141,143,10,5,5,2,0.25,0.75,7,0.6666666666666666
stated,141,144,10,5,5,1,0.16666666666666666,0.8333333333333334,6,0.5833333333333334
stated,141,145,10,5,5,0,0.08333333333333333,0.9166666666666666,5,0.5
stated,141,146,10,5,5,0,0.08333333333333333,0.9166666666666666,5,0.5
stated,141,147,10,5,5,2,0.25,0.75,7,0.6666666666666666
stated,141,149,10,5,5,5,0.5,0.5,10,0.9166666666666666
stated,141,150,10,5,5,0,0.08333333333333333,0.9166666666666666,5,0.5
stated,141,151,10,5,5,0,0.08333333333333333,0.9166666666666666,5,0.5
stated,141,152,10,5,5,0,0.08333333333333333,0.9166666666666666,5,0.5
stated,141,153,10,5,5,0,0.08333333333333333,0.9166666666666666,5,0.5
stated,141,154,10,5,5,0,0.08333333333333333,0.9166666666666666,5,0.5
stated,141,155,10,5,5,8,0.75,0.75,3,0.3333333333333333
stated,141,156,10,5,5,0,0.08333333333333333,0.9166666666666666,5,0.5
stated,141,157,10,5,5,0,0.08333333333333333,0.9166666666666666,5,0.5
stated,141,158,10,5,5,1,0.16666666666666666,0.8333333333333334,6,0.5833333333333334
stated,141,159,10,5,5,0,0.08333333333333333,0.9166666666666666,5,0.5
stated,141,160,10,5,5,0,0.08333333333333333,0.9166666666666666,5,0.5
stated,141,161,10,5,5,0,0.08333333333333333,0.9166666666666666,5,0.5
stated,142,143,10,5,5,0,0.08333333333333333,0.9166666666666666,5,0.5
stated,142,144,10,5,5,0,0.08333333333333333,0.9166666666666666,5,0.5
stated,142,145,10,5,5,0,0.08333333333333333,0.9166666666666666,5,0.5
stated,142,146,10,5,5,0,0.08333333333333333,0.9166666666666666,5,0.5
stated,142,147,10,5,5,2,0.25,0.75,7,0.6666666666666666
stated,142,149,10,5,5,0,0.08333333333333333,0.9166666666666666,5,0.5
stated,142,150,10,5,5,0,0.08333333333333333,0.9166666666666666,5,0.5
stated,142,151,10,5,5,0,0.08333333333333333,0.9166666666666666,5,0.5
stated,142,152,10,5,5,0,0.08333333333333333,0.9166666666666666,5,0.5
stated,142,153,10,5,5,0,0.08333333333333333,0.9166666666666666,5,0.5
stated,142,154,10,5,5,0,0.08333333333333333,0.9166666666666666,5,0.5
stated,142,155,10,5,5,4,0.4166666666666667,0.5833333333333333,1,0.16666666666666666
stated,142,156,10,5,5,0,0.08333333333333333,0.9166666666666666,5,0.5
stated,142,157,10,5,5,0,0.08333333333333333,0.9166666666666666,5,0.5
stated,142,158,10,5,5,0,0.08333333333333333,0.9166666666666666,5,0.5
stated,142,159,10,5,5,0,0.08333333333333333,0.9166666666666666,5,0.5
stated,142,160,10,5,5,0,0.08333333333333333,0.9166666666666666,5,0.5
stated,142,161,10,5,5,0,0.08333333333333333,0.9166666666666666,5,0.5
stated,143,144,10,5,5,3,0.3333333333333333,0.6666666666666667,8,0.75
stated,143,145,10,5,5,9,0.8333333333333334,0.8333333333333334,6,0.5833333333333334
stated,143,146,10,5,5,0,0.08333333333333333,0.9166666666666666,5,0.5
stated,143,147,10,5,5,10,0.9166666666666666,0.9166666666666666,5,0.5
stated,143,149,10,5,5,9,0.8333333333333334,0.8333333333333334,6,0.5833333333333334
stated,143,150,10,5,5,5,0.5,0.5,10,0.9166666666666666
stated,143,151,10,5,5,2,0.25,0.75,7,0.6666666666666666
stated,143,152,10,5,5,0,0.08333333333333333,0.9166666666666666,5,0.5
stated,143,153,10,5,5,0,0.08333333333333333,0.9166666666666666,5,0.5
stated,143,154,10,5,5,3,0.3333333333333333,0.6666666666666667,8,0.75
stated,143,155,10,5,5,10,0.9166666666666666,0.9166666666666666,5,0.5
stated,143,156,10,5,5,10,0.9166666666666666,0.9166666666666666,5,0.5
stated,143,157,10,5,5,5,0.5,0.5,10,0.9166666666666666
stated,143,158,10,5,5,10,0.9166666666666666,0.9166666666666666,5,0.5
stated,143,159,10,5,5,0,0.08333333333333333,0.9166666666666666,5,0.5
stated,143,160,10,5,5,0,0.08333333333333333,0.9166666666666666,5,0.5
stated,143,161,10,5,5,9,0.8333333333333334,0.8333333333333334,6,0.5833333333333334
stated,144,145,10,5,5,3,0.3333333333333333,0.6666666666666667,8,0.75
stated,144,146,10,5,5,0,0.08333333333333333,0.9166666666666666,5,0.5
stated,144,147,10,5,5,10,0.9166666666666666,0.9166666666666666,5,0.5
stated,144,149,10,5,5,10,0.9166666666666666,0.9166666666666666,5,0.5
stated,144,150,10,5,5,4,0.4166666666666667,0.5833333333333333,9,0.8333333333333334
stated,144,151,10,5,5,0,0.08333333333333333,0.9166666666666666,5,0.5
stated,144,152,10,5,5,0,0.08333333333333333,0.9166666666666666,5,0.5
stated,144,153,10,5,5,0,0.08333333333333333,0.9166666666666666,5,0.5
stated,144,154,10,5,5,3,0.3333333333333333,0.6666666666666667,8,0.75
stated,144,155,10,5,5,10,0.9166666666666666,0.9166666666666666,5,0.5
stated,144,156,10,5,5,10,0.9166666666666666,0.9166666666666666,5,0.5
stated,144,157,10,5,5,5,0.5,0.5,10,0.9166666666666666
stated,144,158,10,5,5,9,0.8333333333333334,0.8333333333333334,6,0.5833333333333334
stated,144,159,10,5,5,4,0.4166666666666667,0.5833333333333333,9,0.8333333333333334
stated,144,160,10,5,5,0,0.08333333333333333,0.9166666666666666,5,0.5
stated,144,161,10,5,5,10,0.9166666666666666,0.9166666666666666,5,0.5
stated,145,146,10,5,5,0,0.08333333333333333,0.9166666666666666,5,0.5
stated,145,147,10,5,5,6,0.5833333333333334,0.5833333333333334,9,0.8333333333333334
stated,145,149,10,5,5,4,0.4166666666666667,0.5833333333333333,9,0.8333333333333334
stated,145,150,10,5,5,0,0.08333333333333333,0.9166666666666666,5,0.5
stated,145,151,10,5,5,0,0.08333333333333333,0.9166666666666666,5,0.5
stated,145,152,10,5,5,0,0.08333333333333333,0.9166666666666666,5,0.5
stated,145,153,10,5,5,0,0.08333333333333333,0.9166666666666666,5,0.5
stated,145,154,10,5,5,0,0.08333333333333333,0.9166666666666666,5,0.5
stated,145,155,10,5,5,10,0.9166666666666666,0.9166666666666666,5,0.5
stated,145,156,10,5,5,10,0.9166666666666666,0.9166666666666666,5,0.5
stated,145,157,10,5,5,4,0.4166666666666667,0.5833333333333333,7,0.6666666666666666
stated,145,158,10,5,5,7,0.6666666666666666,0.6666666666666666,8,0.75
stated,145,159,10,5,5,0,0.08333333333333333,0.9166666666666666,5,0.5
stated,145,160,10,5,5,0,0.08333333333333333,0.9166666666666666,5,0.5
stated,145,161,10,5,5,10,0.9166666666666666,0.9166666666666666,5,0.5
stated,146,147,10,5,5,10,0.9166666666666666,0.9166666666666666,5,0.5
stated,146,149,10,5,5,10,0.9166666666666666,0.9166666666666666,5,0.5
stated,146,150,10,5,5,9,0.8333333333333334,0.8333333333333334,6,0.5833333333333334
stated,146,151,10,5,5,10,0.9166666666666666,0.9166666666666666,5,0.5
stated,146,152,10,5,5,0,0.08333333333333333,0.9166666666666666,5,0.5
stated,146,153,10,5,5,10,0.9166666666666666,0.9166666666666666,5,0.5
stated,146,154,10,5,5,10,0.9166666666666666,0.9166666666666666,5,0.5
stated,146,155,10,5,5,10,0.9166666666666666,0.9166666666666666,5,0.5
stated,146,156,10,5,5,10,0.9166666666666666,0.9166666666666666,5,0.5
stated,146,157,10,5,5,10,0.9166666666666666,0.9166666666666666,5,0.5
stated,146,158,10,5,5,10,0.9166666666666666,0.9166666666666666,5,0.5
stated,146,159,10,5,5,10,0.9166666666666666,0.9166666666666666,5,0.5
stated,146,160,10,5,5,0,0.08333333333333333,0.9166666666666666,5,0.5
stated,146,161,10,5,5,10,0.9166666666666666,0.9166666666666666,5,0.5
stated,147,149,10,5,5,3,0.3333333333333333,0.6666666666666667,8,0.75
stated,147,150,10,5,5,0,0.08333333333333333,0.9166666666666666,5,0.5
stated,147,151,10,5,5,0,0.08333333333333333,0.9166666666666666,5,0.5
stated,147,152,10,5,5,0,0.08333333333333333,0.9166666666666666,5,0.5
stated,147,153,10,5,5,0,0.08333333333333333,0.9166666666666666,5,0.5
stated,147,154,10,5,5,0,0.08333333333333333,0.9166666666666666,5,0.5
stated,147,155,10,5,5,10,0.9166666666666666,0.9166666666666666,5,0.5
stated,147,156,10,5,5,4,0.4166666666666667,0.5833333333333333,9,0.8333333333333334
stated,147,157,10,5,5,0,0.08333333333333333,0.9166666666666666,5,0.5
stated,147,158,10,5,5,4,0.4166666666666667,0.5833333333333333,9,0.8333333333333334
stated,147,159,10,5,5,0,0.08333333333333333,0.9166666666666666,5,0.5
stated,147,160,10,5,5,0,0.08333333333333333,0.9166666666666666,5,0.5
stated,147,161,10,5,5,6,0.5833333333333334,0.5833333333333334,9,0.8333333333333334
stated,149,150,10,5,5,0,0.08333333333333333,0.9166666666666666,5,0.5
stated,149,151,10,5,5,0,0.08333333333333333,0.9166666666666666,5,0.5
stated,149,152,10,5,5,0,0.08333333333333333,0.9166666666666666,5,0.5
stated,149,153,10,5,5,0,0.08333333333333333,0.9166666666666666,5,0.5
stated,149,154,10,5,5,0,0.08333333333333333,0.9166666666666666,5,0.5
stated,149,155,10,5,5,10,0.9166666666666666,0.9166666666666666,5,0.5
stated,149,156,10,5,5,9,0.8333333333333334,0.8333333333333334,6,0.5833333333333334
stated,149,157,10,5,5,0,0.08333333333333333,0.9166666666666666,5,0.5
stated,149,158,10,5,5,5,0.5,0.5,10,0.9166666666666666
stated,149,159,10,5,5,0,0.08333333333333333,0.9166666666666666,5,0.5
stated,149,160,10,5,5,0,0.08333333333333333,0.9166666666666666,5,0.5
stated,149,161,10,5,5,9,0.8333333333333334,0.8333333333333334,4,0.4166666666666667
stated,150,151,10,5,5,5,0.5,0.5,10,0.9166666666666666
stated,150,152,10,5,5,0,0.08333333333333333,0.9166666666666666,5,0.5
stated,150,153,10,5,5,4,0.4166666666666667,0.5833333333333333,9,0.8333333333333334
stated,150,154,10,5,5,10,0.9166666666666666,0.9166666666666666,5,0.5
stated,150,155,10,5,5,10,0.9166666666666666,0.9166666666666666,5,0.5
stated,150,156,10,5,5,10,0.9166666666666666,0.9166666666666666,5,0.5
stated,150,157,10,5,5,10,0.9166666666666666,0.9166666666666666,5,0.5
stated,150,158,10,5,5,8,0.75,0.75,7,0.6666666666666666
stated,150,159,10,5,5,0,0.08333333333333333,0.9166666666666666,5,0.5
stated,150,160,10,5,5,0,0.08333333333333333,0.9166666666666666,5,0.5
stated,150,161,10,5,5,10,0.9166666666666666,0.9166666666666666,5,0.5
stated,151,152,10,5,5,0,0.08333333333333333,0.9166666666666666,5,0.5
stated,151,153,10,5,5,1,0.16666666666666666,0.8333333333333334,4,0.4166666666666667
stated,151,154,10,5,5,4,0.4166666666666667,0.5833333333333333,9,0.8333333333333334
stated,151,155,10,5,5,10,0.9166666666666666,0.9166666666666666,5,0.5
stated,151,156,10,5,5,10,0.9166666666666666,0.9166666666666666,5,0.5
stated,151,157,10,5,5,10,0.9166666666666666,0.9166666666666666,5,0.5
stated,151,158,10,5,5,10,0.9166666666666666,0.9166666666666666,5,0.5
stated,151,159,10,5,5,1,0.16666666666666666,0.8333333333333334,6,0.5833333333333334
stated,151,160,10,5,5,0,0.08333333333333333,0.9166666666666666,5,0.5
stated,151,161,10,5,5,10,0.9166666666666666,0.9166666666666666,5,0.5
stated,152,153,10,5,5,10,0.9166666666666666,0.9166666666666666,5,0.5
stated,152,154,10,5,5,10,0.9166666666666666,0.9166666666666666,5,0.5
stated,152,155,10,5,5,10,0.9166666666666666,0.9166666666666666,5,0.5
stated,152,156,10,5,5,10,0.9166666666666666,0.9166666666666666,5,0.5
stated,152,157,10,5,5,10,0.9166666666666666,0.9166666666666666,5,0.5
stated,152,158,10,5,5,10,0.9166666666666666,0.9166666666666666,5,0.5
stated,152,159,10,5,5,10,0.9166666666666666,0.9166666666666666,5,0.5
stated,152,160,10,5,5,2,0.25,0.75,7,0.6666666666666666
stated,152,161,10,5,5,10,0.9166666666666666,0.9166666666666666,5,0.5
stated,153,154,10,5,5,10,0.9166666666666666,0.9166666666666666,5,0.5
stated,153,155,10,5,5,10,0.9166666666666666,0.9166666666666666,5,0.5
stated,153,156,10,5,5,10,0.9166666666666666,0.9166666666666666,5,0.5
stated,153,157,10,5,5,10,0.9166666666666666,0.9166666666666666,5,0.5
stated,153,158,10,5,5,10,0.9166666666666666,0.9166666666666666,5,0.5
stated,153,159,10,5,5,0,0.08333333333333333,0.9166666666666666,5,0.5
stated,153,160,10,5,5,0,0.08333333333333333,0.9166666666666666,5,0.5
stated,153,161,10,5,5,10,0.9166666666666666,0.9166666666666666,5,0.5
stated,154,155,10,5,5,10,0.9166666666666666,0.9166666666666666,5,0.5
stated,154,156,10,5,5,10,0.9166666666666666,0.9166666666666666,5,0.5
stated,154,157,10,5,5,9,0.8333333333333334,0.8333333333333334,6,0.5833333333333334
stated,154,158,10,5,5,5,0.5,0.5,10,0.9166666666666666
stated,154,159,10,5,5,0,0.08333333333333333,0.9166666666666666,5,0.5
stated,154,160,10,5,5,0,0.08333333333333333,0.9166666666666666,5,0.5
stated,154,161,10,5,5,10,0.9166666666666666,0.9166666666666666,5,0.5
stated,155,156,10,5,5,0,0.08333333333333333,0.9166666666666666,5,0.5
stated,155,157,10,5,5,0,0.08333333333333333,0.9166666666666666,5,0.5
stated,155,158,10,5,5,0,0.08333333333333333,0.9166666666666666,5,0.5
stated,155,159,10,5,5,0,0.08333333333333333,0.9166666666666666,5,0.5
stated,155,160,10,5,5,0,0.08333333333333333,0.9166666666666666,5,0.5
stated,155,161,10,5,5,0,0.08333333333333333,0.9166666666666666,5,0.5
stated,156,157,10,5,5,0,0.08333333333333333,0.9166666666666666,5,0.5
stated,156,158,10,5,5,0,0.08333333333333333,0.9166666666666666,5,0.5
stated,156,159,10,5,5,0,0.08333333333333333,0.9166666666666666,5,0.5
stated,156,160,10,5,5,0,0.08333333333333333,0.9166666666666666,5,0.5
stated,156,161,10,5,5,0,0.08333333333333333,0.9166666666666666,5,0.5
stated,157,158,10,5,5,5,0.5,0.5,10,0.9166666666666666
stated,157,159,10,5,5,0,0.08333333333333333,0.9166666666666666,5,0.5
stated,157,160,10,5,5,0,0.08333333333333333,0.9166666666666666,5,0.5
stated,157,161,10,5,5,10,0.9166666666666666,0.9166666666666666,5,0.5
stated,158,159,10,5,5,0,0.08333333333333333,0.9166666666666666,5,0.5
stated,158,160,10,5,5,0,0.08333333333333333,0.9166666666666666,5,0.5
stated,158,161,10,5,5,5,0.5,0.5,10,0.9166666666666666
stated,159,160,10,5,5,0,0.08333333333333333,0.9166666666666666,5,0.5
stated,159,161,10,5,5,10,0.9166666666666666,0.9166666666666666,5,0.5
stated,160,161,10,5,5,10,0.9166666666666666,0.9166666666666666,5,0.5
